-- phpMyAdmin SQL Dump
-- version 5.1.0
-- https://www.phpmyadmin.net/
--
-- Hôte : 127.0.0.1
-- Généré le : dim. 25 avr. 2021 à 00:39
-- Version du serveur :  10.4.18-MariaDB
-- Version de PHP : 8.0.3

SET SQL_MODE = "NO_AUTO_VALUE_ON_ZERO";
START TRANSACTION;
SET time_zone = "+00:00";


/*!40101 SET @OLD_CHARACTER_SET_CLIENT=@@CHARACTER_SET_CLIENT */;
/*!40101 SET @OLD_CHARACTER_SET_RESULTS=@@CHARACTER_SET_RESULTS */;
/*!40101 SET @OLD_COLLATION_CONNECTION=@@COLLATION_CONNECTION */;
/*!40101 SET NAMES utf8mb4 */;

--
-- Base de données : `fsdmapp`
--

-- --------------------------------------------------------

--
-- Structure de la table `etudiants`
--

CREATE TABLE `etudiants` (
  `code_etudiant` int(6) NOT NULL,
  `nom` varchar(100) NOT NULL,
  `prenom` varchar(100) NOT NULL,
  `cin` varchar(10) NOT NULL,
  `email` varchar(100) NOT NULL,
  `cne` varchar(14) NOT NULL,
  `id_filiere` varchar(4) NOT NULL
) ENGINE=InnoDB DEFAULT CHARSET=utf8mb4;

--
-- Déchargement des données de la table `etudiants`
--

INSERT INTO `etudiants` (`code_etudiant`, `nom`, `prenom`, `cin`, `email`, `cne`, `id_filiere`) VALUES
(7376, 'BOUKIR', 'AHMED', 'Zt3461', 'ahmed.boukir@usmba.ac.ma', '2724807668', 'SMA'),
(8897, 'TAIFI', 'IMANE', 'ZT78570', 'imane.taifi@usmba.ac.ma', '2826816001', 'SMI'),
(11159, 'JANATI IDRISSI', 'BOUCHTA', 'Zt38864', 'bouchta.janatiidrissi@usmba.ac.ma', '2925803436', 'SMP'),
(11463, 'LFAQUIR', 'ANWAR', 'CB266217', 'anwar.lfaquir@usmba.ac.ma', '2927764518', 'SMP'),
(12075, 'DOURHRI', 'LAHSEN', 'CB240210', 'lahsen.dourhri@usmba.ac.ma', '1027763724', 'SMA'),
(12331, 'ELÖMRI', 'FATIHA', 'CD187437', 'fatiha.elömri@usmba.ac.ma', '1028762255', 'SMP'),
(12369, 'EL HILALI', 'OULAYA', 'CD400802', 'oulaya.elhilali@usmba.ac.ma', '1026741909', 'SMC'),
(12439, 'EL HEND', 'JIHANE', 'CD225696', 'jihane.elhend@usmba.ac.ma', '1027758499', 'SMP'),
(12675, 'EL HIHI', 'YOUSSEF', 'CD510411', 'youssef.elhihi@usmba.ac.ma', '1028758770', 'SMP'),
(13265, 'EL-JAZOULI', 'IHSAN', 'S406774', 'ihsan.el-jazouli@usmba.ac.ma', '1010772762', 'SMA'),
(13704, 'BOUJIDA', 'MOHAMED', 'ZG102668', 'mohamed.boujida@usmba.ac.ma', '1027825615', 'SMP'),
(14562, 'EL BARADÄY', 'IBRAHIM', 'CD560073', 'ibrahim.elbaradäy@usmba.ac.ma', '1129752960', 'SMP'),
(15587, 'EL-IMRANY', 'AHMED', 'ZT51396', 'ahmed.el-imrany@usmba.ac.ma', '1128838278', 'SMC'),
(15988, 'EL HABBI', 'CHAHIDA', 'CD609508', 'chahida.elhabbi@usmba.ac.ma', '1129761693', 'SVI'),
(16107, 'ELOUARDI', 'NISRINE', 'CD353019', 'nisrine.elouardi@usmba.ac.ma', '1127743636', 'SVI'),
(16262, 'KHATARTA', 'KHALID', 'CD235162', 'khalid.khatarta@usmba.ac.ma', '1128760805', 'SVI'),
(16849, 'EL HOLOUI', 'SALAH-EDDINE', 'CD204882', 'salah-eddine.elholoui@usmba.ac.ma', '2927756530', 'SMA'),
(16947, 'HAMMANI', 'ABDERRAHIM', 'Cd509907', 'abderrahim.hammani@usmba.ac.ma', '1128756101', 'SMP'),
(16984, 'JAZOULI', 'GHIZLANE', 'Cd541904', 'ghizlane.jazouli@usmba.ac.ma', '1210746162', 'SMC'),
(17085, 'TOUZANI', 'SOFIA', 'ZT124039', 'sofia.touzani@usmba.ac.ma', '1210813913', 'SMA'),
(17727, 'EL MESOUDY', 'MOHAMMED', 'CD562416', 'mohammed.elmesoudy@usmba.ac.ma', '1228743808', 'SMP'),
(17847, 'JAOUAL', 'SOUKAINA', 'CD192567', 'soukaina.jaoual@usmba.ac.ma', '1210762234', 'SVI'),
(17981, 'KHARCHACHI', 'ZOUHIR', 'CD560411', 'zouhir.kharchachi@usmba.ac.ma', '1229747924', 'SMP'),
(18197, 'TAJRI', 'ABDELHAFID', 'DO15279', 'abdelhafid.tajri@usmba.ac.ma', '1228746376', 'SVI'),
(18247, 'TRISS', 'ABDELHAKIM', 'zt127336', 'abdelhakim.triss@usmba.ac.ma', '1229810834', 'SMP'),
(18685, 'TAHRI', 'NABIL', 'CD594638', 'nabil.tahri@usmba.ac.ma', '1210852363', 'SMP'),
(18722, 'ELMRABET', 'ABDELWAFI', 'Zt110217', 'abdelwafi.elmrabet@usmba.ac.ma', '1229810261', 'SMP'),
(18737, 'EL MESELLEK', 'ZOUHRIA', 'CD543851', 'zouhria.elmesellek@usmba.ac.ma', '1210744363', 'SMP'),
(18750, 'ALOUI', 'YOUNES', 'ZT126287', 'younes.aloui@usmba.ac.ma', '1210810038', 'SMP'),
(18952, 'EL-MOUMNI', 'MOUNIM', 'ZT33532', 'mounim.el-moumni@usmba.ac.ma', '1228829359', 'SMP'),
(19280, 'YAHYAOUI', 'SANAE', 'CN17238', 'sanae.yahyaoui@usmba.ac.ma', '1210742723', 'SMP'),
(19833, 'EL BELGHITI', 'KHALID', 'Zt95480', 'khalid.elbelghiti@usmba.ac.ma', '112782727275', 'SMA'),
(19955, 'EL BEN', 'YOUNESS', 'Z541783', 'youness.elben@usmba.ac.ma', '1210780021', 'SMP'),
(20844, 'DRAFAT', 'IMANE', 'Cd253217', 'imane.drafat@usmba.ac.ma', '1311748880', 'SVI'),
(20858, 'ECH CHABLY', 'HANANE', 'CD622731', 'hanane.echchably@usmba.ac.ma', '1311759119', 'SMA'),
(20861, 'ECH CHYGUER', 'RACHIDA', 'Zt206612', 'rachida.echchyguer@usmba.ac.ma', '1311803458', 'SVI'),
(21225, 'EL MOGHARY', 'SAID', 'CD523164', 'said.elmoghary@usmba.ac.ma', '1311756075', 'SMC'),
(21744, 'JANATI IDRISSI', 'YOUSSEF', 'ZT200313', 'youssef.janatiidrissi@usmba.ac.ma', '1311807260', 'SMA'),
(21746, 'JANATI IDRISSI', 'YOUSRA', 'CD262391', 'yousra.janatiidrissi@usmba.ac.ma', '1311760063', 'SMA'),
(21850, 'KHOURCHOUF', 'MERYEM', 'Cd271183', 'meryem.khourchouf@usmba.ac.ma', '1311753484', 'SVI'),
(22192, 'NABAOUI', 'SALIMA', 'CB302011', 'salima.nabaoui@usmba.ac.ma', '1311765277', 'SMP'),
(22530, 'TAMIMI', 'YOUSSEF', 'ZT177954', 'youssef.tamimi@usmba.ac.ma', '1311807232', 'SMP'),
(22572, 'TRIFESSE', 'SALIHA', 'Cd631182', 'saliha.trifesse@usmba.ac.ma', '1310761678', 'SVI'),
(22616, 'EL MOUDEN', 'ZAKARIA', 'CD527349', 'zakaria.elmouden@usmba.ac.ma', '1310749147', 'SVI'),
(22671, 'ZRIRAK', 'KAOUTAR', 'CD270919', 'kaoutar.zrirak@usmba.ac.ma', '1311751112', 'SMP'),
(22925, 'LIMA DA COSTA VAZ', 'GICILENE', 'S137598', 'gicilene.limadacostavaz@usmba.ac.ma', '1311201346', 'SMC'),
(23050, 'BARBARA', 'HANANE', 'CD548524', 'hanane.barbara@usmba.ac.ma', '1412746028', 'SMP'),
(23122, 'BOUHRIBA', 'MARIAM', 'CB301181', 'mariam.bouhriba@usmba.ac.ma', '1412764837', 'SMP'),
(23123, 'BOUIZGMA', 'ABDELLATIF', 'c952540', 'abdellatif.bouizgma@usmba.ac.ma', '1414778218', 'SMP'),
(23126, 'BOU-JEDDAINE', 'ZAKARIA', 'CN20226', 'zakaria.bou-jeddaine@usmba.ac.ma', '1412788775', 'SMP'),
(23162, 'CHATER', 'MOHAMED', 'CD638385', 'mohamed.chater@usmba.ac.ma', '1412789161', 'SMP'),
(23167, 'CHEMSI', 'SIHAME', 'CD256617', 'sihame.chemsi@usmba.ac.ma', '1412751710', 'SMP'),
(23196, 'ECH-CHAHED', 'IMAD', 'CD622826', 'imad.ech-chahed@usmba.ac.ma', '1412789585', 'SMP'),
(23199, 'ECH-CHOUIKY', 'MOHCINE', 'CD623274', 'mohcine.ech-chouiky@usmba.ac.ma', '1411755993', 'SMP'),
(23250, 'EL BOUDI', 'YASSINE', 'ZT205973', 'yassine.elboudi@usmba.ac.ma', '1412814068', 'SMP'),
(23294, 'EL HMAMOUCHI', 'ISSAM', 'ZT204783', 'issam.elhmamouchi@usmba.ac.ma', '1412815894', 'SMP'),
(23424, 'EL-OUARDI', 'HAJAR', 'CD624299', 'hajar.el-ouardi@usmba.ac.ma', '1411040658', 'SMP'),
(23435, 'ENNADIR', 'MOUNYA', 'CB302129  ', 'mounya.ennadir@usmba.ac.ma', '', 'SMP'),
(23495, 'FARIS', 'MOHAMED', 'CN5253', 'mohamed.faris@usmba.ac.ma', '1414783991', 'SMP'),
(23578, 'JBILOU', 'YOUSSEF', 'Z566423', 'youssef.jbilou@usmba.ac.ma', '1412807245', 'SMP'),
(23603, 'KHALOUF', 'ABDERRAFIE', 'ZT193102', 'abderrafie.khalouf@usmba.ac.ma', '1412813039', 'SMP'),
(23606, 'KHARCHACHI', 'CHAYMAE', 'CD586008', 'chaymae.kharchachi@usmba.ac.ma', '1412747893', 'SMP'),
(23607, 'KHARRIBOU', 'HATIM', 'CD486682', 'hatim.kharribou@usmba.ac.ma', '1412752621', 'SVI'),
(23609, 'KHAYATI', 'IHABE', 'CD596861', 'ihabe.khayati@usmba.ac.ma', '1411758898', 'SMP'),
(23610, 'KHENNOU', 'AHMED', 'CD485968', 'ahmed.khennou@usmba.ac.ma', '1411754578', 'SMP'),
(23860, 'TAIBI', 'MOURAD', 'CD624500', 'mourad.taibi@usmba.ac.ma', '1411760536', 'SVI'),
(24021, 'TAOUDI', 'IMAD', 'CB272727', 'imad.taoudi@usmba.ac.ma', '1411777895', 'SMC'),
(24058, 'ELHARRAMI', 'RAHMA', 'CD292755', 'rahma.elharrami@usmba.ac.ma', '1412787226', 'SVI'),
(24099, 'TYACH', 'AYOUB', 'CD549249', 'ayoub.tyach@usmba.ac.ma', '1412744217', 'SMP'),
(24104, 'BELAYACH', 'OTMANE', 'CD566870', 'otmane.belayach@usmba.ac.ma', '1412744255', 'SMC'),
(24271, 'EL BASSRI', 'LATIFA', '184848', 'latifa.elbassri@usmba.ac.ma', '1411804589', 'SVI'),
(24289, 'CHARRAT', 'IMANE', 'ZT185199', 'imane.charrat@usmba.ac.ma', '1411805177', 'SVI'),
(24657, 'JAYAT', 'CHAYMAE', 'ZT215014', 'chaymae.jayat@usmba.ac.ma', '1411807177', 'SVI'),
(24684, 'EL MOUGHIR', 'HANAE', 'Zt187034', 'hanae.elmoughir@usmba.ac.ma', '1411806157', 'SVI'),
(24697, 'TAMOUH', 'MOHAMMED', 'CD290147', 'mohammed.tamouh@usmba.ac.ma', '1411762124', 'SVI'),
(24858, 'TAMIMI', 'IMANE', 'CD197811', 'imane.tamimi@usmba.ac.ma', '1411744005', 'SVI'),
(24866, 'TAMIMI', 'HOUDA', 'Zt115161', 'houda.tamimi@usmba.ac.ma', '1414776144', 'SVI'),
(24929, 'DOURGUA', 'FARAH', 'ZT215971', 'farah.dourgua@usmba.ac.ma', '1412813046', 'SVI'),
(24954, 'CHEHOUN', 'MERYEME', 'CD587683', 'meryeme.chehoun@usmba.ac.ma', '1412811651', 'SMA'),
(24963, 'EL MIMOUNI', 'YOUSSRA', 'CD282960', 'youssra.elmimouni@usmba.ac.ma', '1412785163', 'SMA'),
(24970, 'EL-HARCHALI', 'SABIRINE', 'ZT208081', 'sabirine.el-harchali@usmba.ac.ma', '1412806880', 'SMI'),
(24986, 'KHOUIDER', 'KENZA', 'CD621131', 'kenza.khouider@usmba.ac.ma', '1411784700', 'SMI'),
(25110, 'BOUJRAINE', 'KANZA', '1412751491', 'kanza.boujraine@usmba.ac.ma', '1412751491', 'SMI'),
(25589, 'FILALI SABER', 'AHLAM', 'CD527498', 'ahlam.filalisaber@usmba.ac.ma', '1512753614', 'SVI'),
(25989, 'BOUKHARI', 'RANIA', 'CD264589', 'rania.boukhari@usmba.ac.ma', 'N135200879', 'SVI'),
(25990, 'BOUKHERSA', 'ABD ERRAHIM', 'CN21218', 'abderrahim.boukhersa@usmba.ac.ma', '1511741995', 'SVI'),
(25991, 'BOUKHOLLA', 'YOUSSEF', 'ZT238108', 'youssef.boukholla@usmba.ac.ma', '1513809940', 'SMP'),
(26080, 'ECH-CHAKERY', 'IBTISSAM', 'CD295686', 'ibtissam.ech-chakery@usmba.ac.ma', 'n130385277', 'SVI'),
(26092, 'CHATER', 'SALMA', 'CD652965', 'salma.chater@usmba.ac.ma', 'N134124070', 'SVI'),
(26095, 'CHEHBI', 'HAMZA', 'CD587111', 'hamza.chehbi@usmba.ac.ma', 'N139179226', 'SVI'),
(26100, 'CHEKROUNI', 'MOHAMMED', 'CD528296', 'mohammed.chekrouni@usmba.ac.ma', 'N135184712', 'SMI'),
(26173, 'DRAISA', 'SOUKAYNA', 'CD568055', 'soukayna.draisa@usmba.ac.ma', 'N139277969', 'SVI'),
(26174, 'DRAJOU', 'YOUSSRA', 'CD690715', 'youssra.drajou@usmba.ac.ma', '1513789512', 'SMC'),
(26178, 'DRISSI', 'ILHAM', 'CN25392', 'ilham.drissi@usmba.ac.ma', 'N136017536', 'SVI'),
(26179, 'DRISSI', 'IMANE', 'CN28268', 'imane.drissi@usmba.ac.ma', 'N131035510', 'SVI'),
(26182, 'DYOUBA', 'ADIL', 'CD295161', 'adil.dyouba@usmba.ac.ma', 'N130262210', 'SMC'),
(26187, 'ECH- CHARFY', 'NAZHA', 'CN27433', 'nazha.ech-charfy@usmba.ac.ma', '1513742620', 'SMP'),
(26188, 'ECH -CHEIKH', 'ABDENNASSAR', 'CD638883', 'abdennassar.ech-cheikh@usmba.ac.ma', 'N136239102', 'SMA'),
(26191, 'ECH- CHIGUER', 'HAFID', 'ZT223769', 'hafid.ech-chiguer@usmba.ac.ma', '1513811520', 'SMP'),
(26311, 'EL BANNE', 'HANAE', 'Zt243145', 'hanae.elbanne@usmba.ac.ma', 'S146014578', 'SMA'),
(26323, 'EL BENAISSI EL HOUSSAINI', 'KARIM', 'CD720146', 'karim.elbenaissielhoussaini@usmba.ac.ma', '1513747105', 'SMA'),
(26335, 'EL BOUCHRIFI', 'EZZAHRA', 'CN27028', 'ezzahra.elbouchrifi@usmba.ac.ma', 'N130308983', 'SVI'),
(26422, 'ELHAMMOUMI', 'ZINEB', 'CD625851', 'zineb.elhammoumi@usmba.ac.ma', '1513760006', 'SMA'),
(26446, 'EL HBAYLI', 'MOUNTASSIR', 'ZT222125', 'mountassir.elhbayli@usmba.ac.ma', 'S136271672', 'SVI'),
(26448, 'EL HILALI', 'SAID', 'CD264608', 'said.elhilali@usmba.ac.ma', 'N130201719', 'SMC'),
(26567, 'EL MKILECH', 'LAYLA', 'CD590996', 'layla.elmkilech@usmba.ac.ma', 'N134240828', 'SVI'),
(26570, 'EL MOHRY', 'MOHAMED', 'ZT196631', 'mohamed.elmohry@usmba.ac.ma', '1512813391', 'SMP'),
(26572, 'EL MORDI', 'YASSINE', 'CD264574', 'yassine.elmordi@usmba.ac.ma', 'N139179233', 'SVI'),
(26574, 'EL MOUAFFAK', 'HANANE', 'CN24653', 'hanane.elmouaffak@usmba.ac.ma', 'N136068770', 'SMC'),
(26576, 'EL MOUDNI', 'ITAB', 'CD282598', 'itab.elmoudni@usmba.ac.ma', 'N135368595', 'SVI'),
(26578, 'EL MOUHAJIR', 'CHAIMAE', 'CD547906', 'chaimae.elmouhajir@usmba.ac.ma', '1513744303', 'SVI'),
(26673, 'EL BOUAZATI', 'LAILA', 'CD559050', 'laila.elbouazati@usmba.ac.ma', '1512758777', 'SVI'),
(26690, 'ELHATTAB', 'MAHDI', 'CD272631', 'mahdi.elhattab@usmba.ac.ma', 'N136315683', 'SMP'),
(26713, 'ELMOURABET', 'FARAH', 'CD569718', 'farah.elmourabet@usmba.ac.ma', 'N132312263', 'SMC'),
(26715, 'ELMOUSSAOUI', 'MOHAMMED', 'CD562415', 'mohammed.elmoussaoui@usmba.ac.ma', '1512747941', 'SMP'),
(26866, 'FATTAH', 'ABDERRAHMANE', 'CB297021', 'abderrahmane.fattah@usmba.ac.ma', 'N135274115', 'SMC'),
(26942, 'HAMAN', 'FATIMA ZOHRA', 'CD483421', 'fatimazohra.haman@usmba.ac.ma', 'N141002607', 'SVI'),
(26953, 'HAMMANI', 'MARYEM', 'CN23089', 'maryem.hammani@usmba.ac.ma', 'N135068729', 'SMC'),
(27064, 'JAMIL', 'CHAIMAE', 'CD282884', 'chaimae.jamil@usmba.ac.ma', 'N137369282', 'SVI'),
(27145, 'KHAIFALLAH', 'JAMILA', 'CB312998', 'jamila.khaifallah@usmba.ac.ma', '1513766755', 'SVI'),
(27172, 'KIBOUR', 'KHATIMA', 'CD681136', 'khatima.kibour@usmba.ac.ma', 'N131247683', 'SMA'),
(27176, 'KOBBI', 'HALIMA', 'CD258616', 'halima.kobbi@usmba.ac.ma', '1513748524', 'SMA'),
(27285, 'LAZMI', 'MOHAMED', 'ZT236033', 'mohamed.lazmi@usmba.ac.ma', '1513813508', 'SMP'),
(27290, 'LEGURINI', 'HAMID', 'CD295867', 'hamid.legurini@usmba.ac.ma', '1315796689', 'SMP'),
(27291, 'LEMKHYAR', 'HANANE', 'Z596661', 'hanane.lemkhyar@usmba.ac.ma', 'S139421146', 'SVI'),
(27748, 'SIAD', 'OUMAIMA', 'GJ47692', 'oumaima.siad@usmba.ac.ma', '1513812864', 'SMI'),
(27763, 'SOUBAI', 'LATIFA', 'Pb303972', 'latifa.soubai@usmba.ac.ma', 'D135722272', 'SVI'),
(27774, 'TABBAI', 'NOUHAYLA', 'CD271906', 'nouhayla.tabbai@usmba.ac.ma', 'N135316540', 'SVI'),
(27781, 'TAGHZIZE', 'IBRAHIM', 'CB311938', 'ibrahim.taghzize@usmba.ac.ma', 'N136293305', 'SVI'),
(27782, 'TAGMOUTI', 'GHITA', 'CD488804', 'ghita.tagmouti@usmba.ac.ma', 'N138251347', 'SMC'),
(27783, 'TAGNAOUTI', 'GHITA', 'CD568123', 'ghita.tagnaouti@usmba.ac.ma', 'N143016941', 'SMP'),
(27786, 'TAHIRI', 'AISSAM', 'CN29489', 'aissam.tahiri@usmba.ac.ma', 'N139310439', 'SVI'),
(27787, 'TAHMOUN', 'YASSINE', 'cd253069', 'yassine.tahmoun@usmba.ac.ma', 'n135316592', 'SVI'),
(27791, 'TAIMI', 'SALMA', 'CD529443', 'salma.taimi@usmba.ac.ma', 'N143017473', 'SVI'),
(27837, 'TOUZANI', 'MOHAMMED SALAH', 'ZT223485', 'mohammedsalah.touzani@usmba.ac.ma', 'S135341923', 'SMI'),
(27844, 'YACHOU', 'FATIMA EZ ZAHRAE', 'CD251798', 'fatimaezzahrae.yachou@usmba.ac.ma', '1411783385', 'SVI'),
(27959, 'EL BOUACHRI', 'SOUAD', 'Zt234123', 'souad.elbouachri@usmba.ac.ma', 'S121399596', 'SVI'),
(28032, 'TADLAOUI HABIBI', 'OUMAYMA', 'CD529188', 'oumayma.tadlaouihabibi@usmba.ac.ma', '1512753490', 'SVI'),
(28081, 'TAMAI', 'AHMED', 'Z546535', 'ahmed.tamai@usmba.ac.ma', '1311810531', 'SMP'),
(28630, 'BOUJENANE', 'FATIMA', 'CB314130', 'fatima.boujenane@usmba.ac.ma', 'N135071495', 'STU'),
(28631, 'BOUKAA', 'HIND', 'CD588813', 'hind.boukaa@usmba.ac.ma', 'N143040709', 'SVI'),
(28634, 'BOUKJIJ', 'KHAOULA', 'CD674241', 'khaoula.boukjij@usmba.ac.ma', 'N133328667', 'SMI'),
(28692, 'CHARAOUI', 'AHLAM', 'CB314645', 'ahlam.charaoui@usmba.ac.ma', '1513763433', 'SVI'),
(28694, 'CHARRAT', 'KAOUTAR', 'ZT249037', 'kaoutar.charrat@usmba.ac.ma', 'S130398710', 'SVI'),
(28696, 'CHATER', 'RHITA', 'CD740074', 'rhita.chater@usmba.ac.ma', 'N135343794', 'SMA'),
(28699, 'CHDID', 'FATIMA', 'CD663370', 'fatima.chdid@usmba.ac.ma', 'N133252376', 'SMP'),
(28705, 'CHENTOUF', 'SAID', 'CD588508', 'said.chentouf@usmba.ac.ma', 'N130252467', 'SVI'),
(28755, 'DRAOUI', 'SOUKAYNA', 'CB318044', 'soukayna.draoui@usmba.ac.ma', 'N132284633', 'SMC'),
(28759, 'ECH CHAMMAKHY', 'HOUDA', 'CD588889', 'houda.echchammakhy@usmba.ac.ma', 'N132215218', 'SVI'),
(28820, 'EL BAKKALI', 'ABDELLATIF', 'ZT242006', 'abdellatif.elbakkali@usmba.ac.ma', 'S131096064', 'SMP'),
(28825, 'EL BATEOUI', 'AYYOUB', 'ZT244362', 'ayyoub.elbateoui@usmba.ac.ma', 'S137344180', 'SMA'),
(28832, 'EL BOUAZZAOUY', 'RAJAE', 'CD751555', 'rajae.elbouazzaouy@usmba.ac.ma', 'N132198040', 'SMC'),
(28887, 'ELHAMMDANI', 'Aimad', 'Z610311', 'aimad.elhammdani@usmba.ac.ma', 'S135316719', 'SMI'),
(28903, 'EL HAYANI', 'IMANE', 'CD298028', 'imane.elhayani@usmba.ac.ma', 'N132264623', 'SVI'),
(28905, 'EL HIRI', 'KAOUTAR', 'CD652477', 'kaoutar.elhiri@usmba.ac.ma', 'N137378225', 'SVI'),
(28907, 'EL HMAMOUCHI', 'NADIR', 'ZT254423', 'nadir.elhmamouchi@usmba.ac.ma', 'S137262108', 'SMP'),
(28911, 'EL HOURCH', 'SAFAE', 'CD711746', 'safae.elhourch@usmba.ac.ma', 'N139316618', 'SMC'),
(28912, 'EL- HOURDE', 'FAIZA', 'CD296212', 'faiza.el-hourde@usmba.ac.ma', 'N130238087', 'SMP'),
(28999, 'EL MONTASSER', 'YOUSSEF', 'CD655942', 'youssef.elmontasser@usmba.ac.ma', 'N132326988', 'SMC'),
(29002, 'EL MOUDNI', 'SIHAM', 'CD654381', 'siham.elmoudni@usmba.ac.ma', 'N132123546', 'SMC'),
(29075, 'ELHAJI', 'YOUNES', 'CD673912', 'younes.elhaji@usmba.ac.ma', 'N137259699', 'SMA'),
(29077, 'EL-HAKKOUNY', 'OUSSAMA', 'CD672204', 'oussama.el-hakkouny@usmba.ac.ma', 'N139341039', 'SVI'),
(29078, 'ELHAMDAOUI', 'MOSTAFA', 'CN28641', 'mostafa.elhamdaoui@usmba.ac.ma', 'N149045412', 'SMP'),
(29082, 'ELHAYAME', 'HAYAT', 'CD588501', 'hayat.elhayame@usmba.ac.ma', 'N135252219', 'SVI'),
(29087, 'ELIBRAHIMI', 'AYOUB', 'ZT258499', 'ayoub.elibrahimi@usmba.ac.ma', 'S142011870', 'SMP'),
(29112, 'EL-MOUMNI', 'YASSINE', 'ZT246462', 'yassine.el-moumni@usmba.ac.ma', 'S144029554', 'SMA'),
(29114, 'EL-MOUSSAOUI', 'ISMAIL', 'CD549514', 'ismail.el-moussaoui@usmba.ac.ma', 'N136326920', 'SMP'),
(29115, 'ELMOUSSAOUY', 'REDWANE', 'CD683537', 'redwane.elmoussaouy@usmba.ac.ma', 'N136216338', 'SVI'),
(29117, 'EL-OMMAL', 'OUIDAD', 'ZT248339', 'ouidad.el-ommal@usmba.ac.ma', 'S138349572', 'SMP'),
(29210, 'FASSIH', 'NOUHAILA', 'CD674173', 'nouhaila.fassih@usmba.ac.ma', 'N136343848', 'SMC'),
(29211, 'FATHI', 'OLAYA', 'CD693249', 'olaya.fathi@usmba.ac.ma', 'N138224319', 'SMP'),
(29212, 'FATTAH', 'SOUKAINA', 'CD684814', 'soukaina.fattah@usmba.ac.ma', 'N137246933', 'SMC'),
(29213, 'FECHTALI', 'KHADIJA', 'CD263510', 'khadija.fechtali@usmba.ac.ma', 'N139201613', 'SVI'),
(29215, 'FHASSA', 'YOUNESS', 'Zt218418', 'youness.fhassa@usmba.ac.ma', 'S140014401', 'SMP'),
(29218, 'FILALI', 'OUMAIMA', 'CD293914', 'oumaima.filali@usmba.ac.ma', 'N139255156', 'SMP'),
(29268, 'HAMDAOUY', 'MBAREK', 'CN31712', 'mbarek.hamdaouy@usmba.ac.ma', 'N135216299', 'SMA'),
(29332, 'JANATA', 'MONCIF', 'Zt258850', 'moncif.janata@usmba.ac.ma', 'S137325452', 'SMA'),
(29338, 'JANATI IDRISSI', 'GHITA', 'CD700925', 'ghita.janatiidrissi@usmba.ac.ma', 'N145012136', 'SVI'),
(29340, 'JAOUDI', 'YOUSSEF', 'ZT258194', 'youssef.jaoudi@usmba.ac.ma', 'S140011816', 'SVI'),
(29376, 'KHADRAOUI', 'SALMA', 'P335740', 'salma.khadraoui@usmba.ac.ma', 'D135412911', 'SVI'),
(29382, 'KHALFAOUI', 'KENZA', 'CN33547', 'kenza.khalfaoui@usmba.ac.ma', 'N137216363', 'SMC'),
(29384, 'KHALFOUNI', 'AHMED', 'ZT250240', 'ahmed.khalfouni@usmba.ac.ma', 'N134246953', 'SMP'),
(29386, 'KHALOUF', 'ABDELHAY', 'ZT257015', 'abdelhay.khalouf@usmba.ac.ma', 'S137325572', 'SMA'),
(29389, 'KHANOUSSI', 'MOUAD', 'T278650', 'mouad.khanoussi@usmba.ac.ma', '1513364873', 'SMP'),
(29390, 'KHANTACHE', 'FATIMA ZAHRAE', 'CD684713', 'fatimazahrae.khantache@usmba.ac.ma', 'N136232272', 'SVI'),
(29393, 'KHAROUACH', 'OTMANE', 'CD672839', 'otmane.kharouach@usmba.ac.ma', 'N139199619', 'SMP'),
(29397, 'KHOUIDI', 'BILAL', 'Zt262066', 'bilal.khouidi@usmba.ac.ma', 'S147048400', 'SMA'),
(29398, 'KHOULANI HASSANI', 'CHAIMAE', 'CD286490', 'chaimae.khoulanihassani@usmba.ac.ma', 'N132234890', 'SVI'),
(29403, 'KOBBI', 'HANAE', 'CD286228', 'hanae.kobbi@usmba.ac.ma', 'N136369843', 'SVI'),
(29469, 'LBESSBASS', 'ABD ELALI', 'CD265802', 'abdelali.lbessbass@usmba.ac.ma', 'N133199633', 'SMP'),
(29471, 'LEBRIMCHI', 'FATIMA-ZOHRA', 'CB317025', 'fatima-zohra.lebrimchi@usmba.ac.ma', 'N132319271', 'SVI'),
(29473, 'LEMSIDI', 'IBRAHIM', 'CD489393', 'ibrahim.lemsidi@usmba.ac.ma', 'N132224425', 'SMP'),
(29724, 'LEBRIHI', 'SOUKAINA', 'CD682955', 'soukaina.lebrihi@usmba.ac.ma', 'N131232362', 'SVI'),
(29728, 'SRISRA', 'MOHAMED', 'ZT254432', 'mohamed.srisra@usmba.ac.ma', 'S141013283', 'SMP'),
(29730, 'STITOU', 'YAHYA', 'CD741357', 'yahya.stitou@usmba.ac.ma', 'N132214638', 'SVI'),
(29734, 'TAHAR', 'ABDELLAH', 'Cd674439', 'abdellah.tahar@usmba.ac.ma', 'N132238143', 'SMP'),
(29735, 'TALBI', 'AYOUB', 'CD588368', 'ayoub.talbi@usmba.ac.ma', 'N137177906', 'SMP'),
(29737, 'TALBI', 'CHAYMAE', 'CN31427', 'chaymae.talbi@usmba.ac.ma', 'N139094852', 'SVI'),
(29738, 'TALBI', 'FADOUA', 'CN317991', 'fadoua.talbi@usmba.ac.ma', 'N134268652', 'SMC'),
(29739, 'TAMIMI', 'KAOUTHAR', 'ZT253613', 'kaouthar.tamimi@usmba.ac.ma', 'S135104603', 'SMI'),
(29740, 'TAMIMI', 'ABDELHAK', 'CD297046', 'abdelhak.tamimi@usmba.ac.ma', 'N130264710', 'SMP'),
(29741, 'TAOUFYQ', 'CHAYMAE', 'CD282470', 'chaymae.taoufyq@usmba.ac.ma', 'N134269053', 'SVI'),
(29742, 'TAOUSI', 'ILHAM', 'CN31787', 'ilham.taousi@usmba.ac.ma', 'N132308609', 'SMP'),
(29760, 'WARDI', 'EL MEHDI', 'CD693834', 'elmehdi.wardi@usmba.ac.ma', 'N134215269', 'SMA'),
(29761, 'WARI', 'OUSSAMA', 'CD673196', 'oussama.wari@usmba.ac.ma', 'N139190780', 'SMI'),
(29763, 'YAHYA', 'ACHRAF', 'CD721354', 'achraf.yahya@usmba.ac.ma', 'N139124725', 'SVI'),
(29765, 'YAJIOUI', 'AHMED', 'CD740725', 'ahmed.yajioui@usmba.ac.ma', 'N138360734', 'SMC'),
(29836, 'DRISSI', 'HAFSA', 'Z618234', 'hafsa.drissi@usmba.ac.ma', 'S135367658', 'SVI'),
(29854, 'KHECHCHAF', 'MOHAMMED', 'CB306752', 'mohammed.khechchaf@usmba.ac.ma', '1511767104', 'SVI'),
(29886, 'TRAORE', 'SEKOU', 'AA0037734', 'sekou.traore@usmba.ac.ma', '1680110015', 'SMI'),
(29925, 'TANGARA', 'OUSMANE', 'AA0041313', 'ousmane.tangara@usmba.ac.ma', '1680110054', 'STU'),
(29970, 'KHARBOUCH', 'NAOUAR', 'CD598231', 'naouar.kharbouch@usmba.ac.ma', '1412754059', 'SMA'),
(29988, 'TRAORE', 'MORIBA M MORIBA', 'AA0049813', 'moribammoriba.traore@usmba.ac.ma', '1680110073', 'STU'),
(30013, 'JAZON', 'NEPHNY', 'PP3643256', 'nephny.jazon@usmba.ac.ma', '1680110077', 'SVI'),
(30025, 'LIWOKE LISUMBU', 'KEWOLY', 'OP0026472', 'kewoly.liwokelisumbu@usmba.ac.ma', '1680110086', 'SMI'),
(30119, 'BOUKILI', 'MOHAMED', 'ZT260292', 'mohamed.boukili@usmba.ac.ma', 'S132085661', 'SMC'),
(30138, 'CHARAI', 'MOHAMED', 'ZT273219', 'mohamed.charai@usmba.ac.ma', 'S149054970', 'SMP'),
(30139, 'CHARFI', 'ABDERRAHIM', 'CN36739', 'abderrahim.charfi@usmba.ac.ma', 'N134301032', 'SMP'),
(30140, 'CHARKI', 'ABDELLAH', 'ZT238526', 'abdellah.charki@usmba.ac.ma', 'S147011873', 'SMI'),
(30143, 'CHEHOUN', 'ABDERRAZAK', 'CD740891', 'abderrazak.chehoun@usmba.ac.ma', 'N131224458', 'SMP'),
(30144, 'CHENIOUR', 'HANAN', 'GJ56915', 'hanan.cheniour@usmba.ac.ma', 'E145199354', 'SMP'),
(30189, 'EL BOUDI', 'MOHAMMED', 'RC30484', 'mohammed.elboudi@usmba.ac.ma', 'S136409274', 'SMP'),
(30218, 'EL HAYAL', 'SOUMIA', 'CD298515', 'soumia.elhayal@usmba.ac.ma', 'N137264555', 'SMP'),
(30220, 'EL HILAL', 'MOHAMMED', 'CD288411', 'mohammed.elhilal@usmba.ac.ma', 'N143029027', 'SMP'),
(30221, 'EL HIRI', 'AMINE', 'ZT236876', 'amine.elhiri@usmba.ac.ma', 'S130339985', 'SMP'),
(30246, 'EL MOUEDDANE', 'SOUKAINA', 'ZT264768', 'soukaina.elmoueddane@usmba.ac.ma', 'S149045287', 'SMP'),
(30247, 'EL MOUFAOUED', 'YASSINE', 'CD663594', 'yassine.elmoufaoued@usmba.ac.ma', 'N138174100', 'SMP'),
(30248, 'EL MOUJAHID', 'OTHMANE', 'CD472591', 'othmane.elmoujahid@usmba.ac.ma', 'N132196473', 'SMP'),
(30283, 'EL-HAMZAOUI', 'MOHAMED', 'ZT236212', 'mohamed.el-hamzaoui@usmba.ac.ma', 'S141045194', 'SMC'),
(30302, 'ELMOUSSAOUI', 'KHALID', 'CN36673', 'khalid.elmoussaoui@usmba.ac.ma', 'N135146066', 'SMI'),
(30306, 'EL-OUAZZANI', 'BTISSAM', 'ZT270730', 'btissam.el-ouazzani@usmba.ac.ma', 'S142045245', 'SMP'),
(30307, 'EL-OUAZZANI', 'AMINA', 'ZT259657', 'amina.el-ouazzani@usmba.ac.ma', 'S135311962', 'SMP'),
(30339, 'FATH ALLAH', 'CHAYMAE', 'CD657874', 'chaymae.fathallah@usmba.ac.ma', 'N133264845', 'SMP'),
(30340, 'EL MHAOUFAR', 'FATIMA EZZAHRAE', 'CD434720', 'fatimaezzahrae.elmhaoufar@usmba.ac.ma', 'N136162720', 'SMP'),
(30343, 'FEDIOUEL', 'HAJAR', 'KB185798', 'hajar.fediouel@usmba.ac.ma', 'P132510962', 'SMP'),
(30344, 'FILALI BEN ZARROU', 'DRISS', 'CD657428', 'driss.filalibenzarrou@usmba.ac.ma', 'N135264951', 'SMP'),
(30357, 'HAMID ALLAH', 'ISMAIL', 'CN28534', 'ismail.hamidallah@usmba.ac.ma', 'N131108454', 'SMP'),
(30358, 'HAMIDI', 'AHMED', 'CN32786', 'ahmed.hamidi@usmba.ac.ma', 'N130383292', 'SMA'),
(30366, 'ELIDRISSI', 'HAYATE', 'CD683367', 'hayate.elidrissi@usmba.ac.ma', 'N134201164', 'SMP'),
(30394, 'JAOUANE', 'MOURAD', 'CD433831', 'mourad.jaouane@usmba.ac.ma', 'N134162741', 'SMP'),
(30397, 'JAY MANSOURI', 'AMINA', 'ZT270589', 'amina.jaymansouri@usmba.ac.ma', 'S133243022', 'SMP'),
(30415, 'KHALLABI', 'OUSSAMA', 'ZT255373', 'oussama.khallabi@usmba.ac.ma', 'S149011993', 'SMI'),
(30418, 'KHATTABI', 'OTHMANE', 'CD695549', 'othmane.khattabi@usmba.ac.ma', 'N138374620', 'SMP'),
(30419, 'KHLIL', 'OMAR', 'CD695076', 'omar.khlil@usmba.ac.ma', 'N132230463', 'SMP'),
(30448, 'LEMBARRAA', 'ADNANE', 'C548926', 'adnane.lembarraa@usmba.ac.ma', 'Z163206247', 'SMP'),
(30512, 'TAFRAOUT', 'OUSSAMA', 'Cb320650', 'oussama.tafraout@usmba.ac.ma', 'N130359615', 'SMP'),
(30552, 'TAHIRI', 'YASSINE', 'CB323773', 'yassine.tahiri@usmba.ac.ma', 'N131285357', 'SMP'),
(30553, 'TAHOUACH', 'OUMAYMA', 'CD387220', 'oumayma.tahouach@usmba.ac.ma', 'N146011407', 'SMP'),
(30554, 'TAHRIOUI', 'OUAFAE', 'CD664852', 'ouafae.tahrioui@usmba.ac.ma', 'N130165069', 'SMP'),
(30555, 'TALBI', 'ALI', 'CN31695', 'ali.talbi@usmba.ac.ma', 'N140011171', 'SMP'),
(30556, 'TALMANI', 'YOUSRA', 'CD742574', 'yousra.talmani@usmba.ac.ma', 'N131223468', 'SMP'),
(30631, 'EL BANNA', 'FATIMA', 'ZT269546', 'fatima.elbanna@usmba.ac.ma', 'S133330770', 'SMC'),
(30634, 'EL BARAKA', 'MOHAMMED', 'CD434840', 'mohammed.elbaraka@usmba.ac.ma', 'N132264968', 'SMC'),
(30635, 'EL BOUDI', 'OUMAIMA', 'CD742674', 'oumaima.elboudi@usmba.ac.ma', 'N134346935', 'SMC'),
(30641, 'EL HAYANI', 'HAJAR', 'CD716894', 'hajar.elhayani@usmba.ac.ma', 'N133172378', 'SMC'),
(30642, 'EL HLAISSI', 'HAJAR', 'CD656669', 'hajar.elhlaissi@usmba.ac.ma', 'N134216000', 'SMC'),
(30674, 'HAMANI', 'FOUAD', 'C467432', 'fouad.hamani@usmba.ac.ma', 'Z176201386', 'SMA'),
(30854, 'BOUKHRIS', 'YASSINE', 'CD674262', 'yassine.boukhris@usmba.ac.ma', 'N138208660', 'SVI'),
(30855, 'BOUKHRIS', 'AYOUB', 'CD686006', 'ayoub.boukhris@usmba.ac.ma', 'N132184199', 'SVI'),
(30900, 'CHARARA', 'HIND', 'CD723499', 'hind.charara@usmba.ac.ma', 'N138266445', 'SVI'),
(30901, 'CHATER', 'YOUSSRA', 'CD715411', 'youssra.chater@usmba.ac.ma', 'N137338279', 'SVI'),
(30902, 'CHEMLAL', 'KARIMA', 'Z627732', 'karima.chemlal@usmba.ac.ma', 'S138379682', 'SVI'),
(30928, 'DRAJJOU', 'CHAIMAE', 'CD287730', 'chaimae.drajjou@usmba.ac.ma', 'N138195447', 'SVI'),
(30931, 'ECH-CHAFFANI', 'ABDESSAMAD', 'CD266011', 'abdessamad.ech-chaffani@usmba.ac.ma', 'S133311998', 'SVI'),
(31001, 'EL HAYYOUNI', 'NASIRA', 'CD674780', 'nasira.elhayyouni@usmba.ac.ma', 'N135246503', 'SVI'),
(31002, 'EL HILALI', 'SOUHAYLA', 'CD298070', 'souhayla.elhilali@usmba.ac.ma', 'N132255538', 'SVI'),
(31005, 'EL HOUARY', 'RAJAE', 'CD695558', 'rajae.elhouary@usmba.ac.ma', 'N134356525', 'SVI'),
(31006, 'EL HOUARY', 'FADOUA', 'Cd675575', 'fadoua.elhouary@usmba.ac.ma', 'N135230561', 'SVI'),
(31042, 'EL MOUFAREJ', 'BADIA', 'Zt270695', 'badia.elmoufarej@usmba.ac.ma', 'S137174250', 'SVI'),
(31084, 'EL-HARCHALI', 'NAJIA', 'ZT268455', 'najia.el-harchali@usmba.ac.ma', 'S136377210', 'SVI'),
(31085, 'EL-HASSOUNI', 'OTMANE', 'ZT271814', 'otmane.el-hassouni@usmba.ac.ma', 'S131409014', 'SVI'),
(31086, 'ELIDRYSY', 'FATIMA-ZAHRA', 'CD675833', 'fatima-zahra.elidrysy@usmba.ac.ma', 'N147035853', 'SVI'),
(31101, 'EL-OUARDI', 'FADOUA', 'ZT245617', 'fadoua.el-ouardi@usmba.ac.ma', 'S141011945', 'SVI'),
(31149, 'FATOUAKI', 'BOUTAYNA', 'ZT266842', 'boutayna.fatouaki@usmba.ac.ma', 'S139253397', 'SVI'),
(31150, 'FELLAH', 'MERIEM', 'CD692466', 'meriem.fellah@usmba.ac.ma', 'N138224321', 'SVI'),
(31151, 'FILALI', 'FADOUA', 'CD696064', 'fadoua.filali@usmba.ac.ma', 'n132171734', 'SVI'),
(31153, 'FILALI OMARI', 'ZINEB', 'CD299819', 'zineb.filaliomari@usmba.ac.ma', 'N133228673', 'SVI'),
(31154, 'FIRA', 'KHAOULA', 'CD713555', 'khaoula.fira@usmba.ac.ma', 'N131338201', 'SVI'),
(31172, 'HALOUBI', 'BRAHIM', 'CD386915', 'brahim.haloubi@usmba.ac.ma', 'N132263029', 'SVI'),
(31173, 'HAMAMA', 'SOUHAYLA', 'Cb323422', 'souhayla.hamama@usmba.ac.ma', 'N138237265', 'SVI'),
(31174, 'HAMDOUNE', 'FOUZIA', 'CD685238', 'fouzia.hamdoune@usmba.ac.ma', 'N138190123', 'SVI'),
(31175, 'HAMIDI', 'FATIMA', 'CN34998', 'fatima.hamidi@usmba.ac.ma', 'N137353529', 'SVI'),
(31211, 'JANATI', 'HAFSA', 'zt270585', 'hafsa.janati@usmba.ac.ma', 's131243026', 'SVI'),
(31213, 'JANATI IDRISSI', 'JAMILA', 'ZT270415', 'jamila.janatiidrissi@usmba.ac.ma', 'S133437383', 'SVI'),
(31214, 'JARJINI', 'SAFAE', 'CD472039', 'safae.jarjini@usmba.ac.ma', 'N137171774', 'SVI'),
(31215, 'JARJOUR', 'MOHAMMED-AMINE', 'CB312756', 'mohammed-amine.jarjour@usmba.ac.ma', 'N135322112', 'SVI'),
(31233, 'EL-HAJJAMI', 'KHADIJA', 'CD716395', 'khadija.el-hajjami@usmba.ac.ma', 'N137216088', 'SVI'),
(31236, 'KHALDI', 'SALMA', 'CD643650', 'salma.khaldi@usmba.ac.ma', 'N139175830', 'SVI'),
(31242, 'KITOUNI', 'SOUKAYNA', 'CN36695', 'soukayna.kitouni@usmba.ac.ma', 'N142011301', 'SVI'),
(31272, 'LEMSSAHLI', 'KAWTAR', 'CD716098', 'kawtar.lemssahli@usmba.ac.ma', 'N136172416', 'SVI'),
(31274, 'LHOUSNI', 'LAMYAE', 'CB318523', 'lamyae.lhousni@usmba.ac.ma', 'N140033129', 'SVI'),
(31380, 'DRIOUECH', 'SALAH ED DINE', 'CD286628', 'salaheddine.driouech@usmba.ac.ma', 'N132269345', 'SVI'),
(31409, 'TAHIRI', 'MOHAMED', 'CD691678', 'mohamed.tahiri@usmba.ac.ma', 'N136376753', 'SVI'),
(31412, 'TAKIE', 'MAROUANE', 'CD266956', 'marouane.takie@usmba.ac.ma', 'N134161639', 'SVI'),
(31413, 'TALEB', 'SANAE', 'Z478801', 'sanae.taleb@usmba.ac.ma', '1128833019', 'SVI'),
(31427, 'TRIBAK', 'FATIMA ZOHRA', 'CD434519', 'fatimazohra.tribak@usmba.ac.ma', 'N139174040', 'SVI'),
(31428, 'TRIKI', 'AMINA', 'Z604673', 'amina.triki@usmba.ac.ma', 'S148052660', 'SVI'),
(31430, 'YAACOUBI', 'OUAFAA', 'CD702458', 'ouafaa.yaacoubi@usmba.ac.ma', 'N135171481', 'SVI'),
(31431, 'YAAKOUBI', 'HAJAR', 'CD676449', 'hajar.yaakoubi@usmba.ac.ma', 'N139164017', 'SVI'),
(31478, 'HAMIDI', 'KHADIJA', 'CD287883', 'khadija.hamidi@usmba.ac.ma', 'N135169369', 'SVI'),
(31479, 'HAMIDI', 'MOHCINE', 'CN35696', 'mohcine.hamidi@usmba.ac.ma', 'N133383256', 'STU'),
(31482, 'KHALLADI', 'SOUHAILA', 'ZT235653', 'souhaila.khalladi@usmba.ac.ma', 'S137307814', 'STU'),
(31484, 'KHICHA', 'WIAM', 'CD675996', 'wiam.khicha@usmba.ac.ma', 'N130189195', 'SVI'),
(31517, 'EL-HASNAOUI', 'AYOUB', 'CB327822', 'ayoub.el-hasnaoui@usmba.ac.ma', 'N139309342', 'SMA'),
(31525, 'LAZRAK', 'MOHAMED', 'ZT263174', 'mohamed.lazrak@usmba.ac.ma', 'S136344958', 'SMA'),
(31526, 'LEMBARKY', 'SANAE', 'CN34970', 'sanae.lembarky@usmba.ac.ma', 'N137098108', 'SMA'),
(31534, 'TAJMOUATI', 'ZINEB', 'CD713722', 'zineb.tajmouati@usmba.ac.ma', 'N133203745', 'SMI'),
(31582, 'EL BAZ', 'ASMAE', 'CD702125', 'asmae.elbaz@usmba.ac.ma', 'N130225702', 'SMA'),
(31600, 'EL-OGRI', 'OTHMANE', 'Zt238568', 'othmane.el-ogri@usmba.ac.ma', 'S144006331', 'SMA'),
(31611, 'FARIH', 'ABDELMAJID', 'ZT267376', 'abdelmajid.farih@usmba.ac.ma', 'S135263902', 'SMI'),
(31625, 'JANATI IDRISSI', 'ANASS', 'ZT248862', 'anass.janatiidrissi@usmba.ac.ma', 'S135434070', 'SMA'),
(31627, 'JAYAT', 'MOHAMMED', 'CD266513', 'mohammed.jayat@usmba.ac.ma', 'N139179849', 'SMI'),
(31629, 'KHRIFI', 'AYYOUB', 'CD299747', 'ayyoub.khrifi@usmba.ac.ma', 'N133162697', 'SMI'),
(31666, 'TAGNAOUTI MOUMNANI', 'YAZID', 'CD644221', 'yazid.tagnaoutimoumnani@usmba.ac.ma', 'N134382065', 'SMI'),
(31667, 'TAJMOUATI', 'MOAD', 'CD690994', 'moad.tajmouati@usmba.ac.ma', 'N133255677', 'SMI'),
(31707, 'DOUMBIA', 'SEYDOU', 'AA0111466', 'seydou.doumbia@usmba.ac.ma', '1780110025', 'SMI'),
(31713, 'KONDO', 'HAWA', 'AA0153150', 'hawa.kondo@usmba.ac.ma', '1780110011', 'SVI'),
(31732, 'SYLLA', 'CHEIKHOUNA', 'AO1954603', 'cheikhouna.sylla@usmba.ac.ma', '1780110022', 'STU'),
(31736, 'TRAORE', 'FATOUMATA', 'AA0157364', 'fatoumata.traore@usmba.ac.ma', '1780110038', 'STU'),
(31894, 'DOUMBIA', 'MARIAM', 'AA0040785', 'mariam.doumbia@usmba.ac.ma', '1780110077', 'SVI'),
(31895, 'DRABO', 'ICHAKA', 'AA0112671', 'ichaka.drabo@usmba.ac.ma', '1780110074', 'STU'),
(31896, 'FOFANA', 'HAWA MAMOUDOU', 'AA0079106', 'hawamamoudou.fofana@usmba.ac.ma', '1780110082', 'SMI'),
(31918, 'TRAORE', 'NOURYA  SYLVIE', '17AL92417', 'nouryasylvie.traore@usmba.ac.ma', '1780110057', 'STU'),
(31936, 'TADJADINE  MAHAMAT', 'HAMID', 'R0312614', 'hamid.tadjadinemahamat@usmba.ac.ma', '1780110103', 'STU'),
(32292, 'BOUJIDAH', 'SOUFYANE', 'CD685453', 'soufyane.boujidah@usmba.ac.ma', 'N131170726', 'SVI'),
(32293, 'BOUJOUJ', 'SALMA', 'CD718718', 'salma.boujouj@usmba.ac.ma', 'N132338140', 'SVI'),
(32296, 'BOUKALLABA', 'ABDELHAY', 'ZT285077', 'abdelhay.boukallaba@usmba.ac.ma', 'S136263718', 'SMP'),
(32302, 'BOUKILI', 'ABDERAHIM', 'CD435987', 'abderahim.boukili@usmba.ac.ma', 'N144036330', 'SVI'),
(32384, 'CHARKAOUI', 'ABDELHAY', 'CD299662', 'abdelhay.charkaoui@usmba.ac.ma', 'N142032628', 'SMP'),
(32387, 'CHEDADI', 'ASMAE', 'CD677537', 'asmae.chedadi@usmba.ac.ma', 'N136191164', 'SMP'),
(32389, 'CHEDDADI', 'ZAKARYA', 'zt281117', 'zakarya.cheddadi@usmba.ac.ma', 's130261375', 'SVI'),
(32390, 'CHELKHA', 'ANWAR', 'ZT283932', 'anwar.chelkha@usmba.ac.ma', 'S133292416', 'SVI'),
(32391, 'CHELLAK', 'MOHAMMED', 'K574548', 'mohammed.chellak@usmba.ac.ma', 'S136250523', 'SVI'),
(32396, 'CHENTOUFI', 'FATIMA EZZAHRAE', 'CD461347', 'fatimaezzahrae.chentoufi@usmba.ac.ma', 'N152037994', 'SMP'),
(32454, 'DREYA', 'WAFAA', 'CD718687', 'wafaa.dreya@usmba.ac.ma', 'N146060296', 'SVI'),
(32456, 'DRIMANI', 'OUSSAMA', 'CB310570', 'oussama.drimani@usmba.ac.ma', 'N133284690', 'SMI'),
(32463, 'ECHALH', 'OUMAIMA', 'CD296692', 'oumaima.echalh@usmba.ac.ma', 'N132264594', 'SMP'),
(32562, 'EL BALDI', 'SABRIA', 'ZT284331', 'sabria.elbaldi@usmba.ac.ma', 'N139228526', 'SMP'),
(32563, 'EL BANANE', 'WIAME', 'CD698302', 'wiame.elbanane@usmba.ac.ma', 'E139161637', 'SVI'),
(32568, 'EL BERCH', 'SOUKAYNA', 'CD716590', 'soukayna.elberch@usmba.ac.ma', 'N136328457', 'SMP'),
(32569, 'EL BOUABDELLAOUI', 'SAIDA', 'CD745041', 'saida.elbouabdellaoui@usmba.ac.ma', 'N134244342', 'SMP'),
(32571, 'EL BOUCHEBTI', 'NAJOWA', 'CD745958', 'najowa.elbouchebti@usmba.ac.ma', 'N131256774', 'SVI'),
(32669, 'EL HASSOUNI', 'IKRAM', 'CD703017', 'ikram.elhassouni@usmba.ac.ma', 'N134147326', 'SMA'),
(32670, 'EL HAYANI', 'ADIL', 'CD689137', 'adil.elhayani@usmba.ac.ma', 'N132175808', 'SMP'),
(32671, 'EL HAYOUNE', 'ZINEB', 'CD664319', 'zineb.elhayoune@usmba.ac.ma', 'N133173321', 'SVI'),
(32673, 'EL HILALI', 'FATIMA ZOHRA', 'CD703010', 'fatimazohra.elhilali@usmba.ac.ma', 'N139293324', 'SMP'),
(32675, 'EL HIYANI', 'NOUREDDINE', 'CD437079', 'noureddine.elhiyani@usmba.ac.ma', 'N133280386', 'SMA'),
(32757, 'EL MESOUDY', 'IKRAM', 'CD437253', 'ikram.elmesoudy@usmba.ac.ma', 'N146005911', 'SVI'),
(32758, 'EL MESSAOUDI', 'ANASS', 'CD742980', 'anass.elmessaoudi@usmba.ac.ma', 'N137346856', 'SMP'),
(32759, 'EL MGHARI', 'FARAH', 'CD436193', 'farah.elmghari@usmba.ac.ma', 'N135168814', 'SMP'),
(32879, 'ELHAJOUI', 'NAJLAE', 'CD388321', 'najlae.elhajoui@usmba.ac.ma', 'N135149153', 'SMP'),
(32881, 'EL-HAIMER', 'HANANE', 'ZT284162', 'hanane.el-haimer@usmba.ac.ma', 'S130304694', 'SVI'),
(32882, 'ELHAMIMI', 'ABDELMOUGHIT', 'ZT278232', 'abdelmoughit.elhamimi@usmba.ac.ma', 'S137210082', 'SVI'),
(32885, 'ELHAMRI', 'LOUBNA', 'CD658714', 'loubna.elhamri@usmba.ac.ma', 'N135345768', 'SVI'),
(32886, 'ELHAOUARI', 'HIND', 'CN40495', 'hind.elhaouari@usmba.ac.ma', 'N131065703', 'SMC'),
(32892, 'ELIDRISSI', 'ASSIA', 'CD289764', 'assia.elidrissi@usmba.ac.ma', 'N133306828', 'SMP'),
(32893, 'EL-IDRISSI', 'RAJAE', 'CD677410', 'rajae.el-idrissi@usmba.ac.ma', 'N131301972', 'SMI'),
(32894, 'ELIYSAOUY', 'KAWTHAR', 'CN7397', 'kawthar.eliysaouy@usmba.ac.ma', 'N131145756', 'SMP'),
(32895, 'EL-JABALI', 'IKRAM', 'CD688624', 'ikram.el-jabali@usmba.ac.ma', 'N144025393', 'SVI'),
(32918, 'ELMCHACHTI', 'OTHMANE', 'S797133', 'othmane.elmchachti@usmba.ac.ma', 'H134185041', 'SMA'),
(32928, 'EL-MOUJAHID', 'IMANE', 'GM220985', 'imane.el-moujahid@usmba.ac.ma', 'P132161096', 'SMP'),
(32930, 'EL-MOUMNI', 'OUSSAMA', 'ZT260645', 'oussama.el-moumni@usmba.ac.ma', 'S131305074', 'SMP'),
(32932, 'ELMRABET', 'ADIL', 'Zt269356', 'adil.elmrabet@usmba.ac.ma', 'S134255789', 'SMP'),
(32933, 'EL-MRABET', 'IKRAM', 'CD677378', 'ikram.el-mrabet@usmba.ac.ma', 'N134211472', 'SMP'),
(32935, 'ELMRINI', 'BOUTAINA', 'CD724702', 'boutaina.elmrini@usmba.ac.ma', 'N132163171', 'SVI'),
(32936, 'EL-OGRI', 'SOUAD', 'ZT282924', 'souad.el-ogri@usmba.ac.ma', 'N132228953', 'SMP'),
(32944, 'EL-OUAZZANI', 'ZIAD', 'ZT275402', 'ziad.el-ouazzani@usmba.ac.ma', 'S134311762', 'SMP'),
(33060, 'FARID', 'ASMAE', 'CD652116', 'asmae.farid@usmba.ac.ma', 'N137378363', 'SVI'),
(33065, 'FATEH', 'FADOUA', 'CD725212', 'fadoua.fateh@usmba.ac.ma', 'N138357465', 'SMP'),
(33068, 'FATTAH', 'IKRAM', 'CD725756', 'ikram.fattah@usmba.ac.ma', 'N139194613', 'SVI'),
(33071, 'FERTASS', 'FATIMA', 'CB326694', 'fatima.fertass@usmba.ac.ma', 'N131127550', 'SVI'),
(33073, 'FIGUIG', 'SOUAD', 'CD288425', 'souad.figuig@usmba.ac.ma', 'N135043505', 'SVI'),
(33074, 'FIKRI', 'OUMAIMA', 'CD289590', 'oumaima.fikri@usmba.ac.ma', 'N1480111769', 'SVI'),
(33082, 'FLIOU', 'DRISS', 'CD643515', 'driss.fliou@usmba.ac.ma', 'N131192889', 'SVI'),
(33140, 'HALIM', 'MOHAMMED', 'ZT283912', 'mohammed.halim@usmba.ac.ma', 'N133162825', 'SMA'),
(33141, 'HAMANI', 'NADA', 'CD269345', 'nada.hamani@usmba.ac.ma', 'N135286265', 'SVI'),
(33145, 'HAMDADA', 'FOUAD', 'CD678995', 'fouad.hamdada@usmba.ac.ma', 'N138333242', 'SVI'),
(33147, 'HAMDAOUI', 'NAJAT', 'CN36928', 'najat.hamdaoui@usmba.ac.ma', 'N139146114', 'SVI'),
(33148, 'HAMDAOUY', 'REDWANE', 'CN40113', 'redwane.hamdaouy@usmba.ac.ma', 'N136146335', 'SMA'),
(33152, 'HAMMADOU', 'GHITA', 'CD716341', 'ghita.hammadou@usmba.ac.ma', 'N136173847', 'SVI'),
(33153, 'HAMMAN', 'ABDELLAH', 'CN39682', 'abdellah.hamman@usmba.ac.ma', 'N137065730', 'SMA'),
(33155, 'HAMMANE', 'BOUTAYNA', 'CD289076', 'boutayna.hammane@usmba.ac.ma', 'N141037318', 'SMP'),
(33258, 'JAMAL', 'NADA', 'CD696351', 'nada.jamal@usmba.ac.ma', 'N133157051', 'SVI'),
(33259, 'JANATA', 'ZAKARIA', 'Zt287394', 'zakaria.janata@usmba.ac.ma', 'S135325245', 'SMP'),
(33262, 'JANATI IDRISSI', 'HAMZA', 'CD435415', 'hamza.janatiidrissi@usmba.ac.ma', 'N132228405', 'SVI'),
(33263, 'JANATI IDRISSI', 'MINA', 'CD473775', 'mina.janatiidrissi@usmba.ac.ma', 'N135214795', 'SVI'),
(33264, 'JANATI IDRISSI', 'ISSAM', 'ZT283487', 'issam.janatiidrissi@usmba.ac.ma', 'S135263353', 'SMP'),
(33267, 'JAWHAR', 'NAIMA', 'CD724661', 'naima.jawhar@usmba.ac.ma', 'N131194574', 'SMI'),
(33269, 'JBILOU', 'OUISSAL', 'CD676930', 'ouissal.jbilou@usmba.ac.ma', 'N134208479', 'SMP'),
(33320, 'KHAJOUI', 'MOHAMMED', 'CD642100', 'mohammed.khajoui@usmba.ac.ma', 'N137313406', 'SVI'),
(33323, 'KHALDI', 'YASSINE', 'CD354010', 'yassine.khaldi@usmba.ac.ma', 'N139306857', 'SMA'),
(33325, 'KHALIE', 'SAID', 'KB194397', 'said.khalie@usmba.ac.ma', 'P131487321', 'SVI'),
(33326, 'KHALLOUKI', 'OUISAL', 'CD726162', 'ouisal.khallouki@usmba.ac.ma', 'N138357466', 'SMP'),
(33327, 'KHANNOUSSI ALAOUI', 'ZINEB', 'CD703656', 'zineb.khannoussialaoui@usmba.ac.ma', 'N133301956', 'SVI'),
(33328, 'KHARBOUCHE', 'YOUSSEF', 'CB327594', 'youssef.kharbouche@usmba.ac.ma', 'N135272402', 'SMP'),
(33329, 'KHARCHACH', 'NASSIMA', 'ZT282815', 'nassima.kharchach@usmba.ac.ma', 'S131404620', 'SVI'),
(33332, 'KHARCHACHI', 'ZAHIRA', 'CD659067', 'zahira.kharchachi@usmba.ac.ma', 'N138194648', 'SVI'),
(33335, 'KHARKOUK', 'NAJOUA', 'ZT279961', 'najoua.kharkouk@usmba.ac.ma', 'S130263993', 'SVI'),
(33337, 'KHASSA', 'MANAL', 'CN39142', 'manal.khassa@usmba.ac.ma', 'N134065681', 'SMP'),
(33339, 'KHAY', 'ZINEB', 'CD697960', 'zineb.khay@usmba.ac.ma', 'N132157057', 'SVI'),
(33346, 'KHOUJA', 'SOUMAYA', 'CD678113', 'soumaya.khouja@usmba.ac.ma', 'N135370529', 'SVI'),
(33347, 'KHOUKHANE', 'MAJDA', 'CN40599', 'majda.khoukhane@usmba.ac.ma', 'N132315215', 'SMP'),
(33348, 'KHOUTAME', 'FATIMA ZOHRA', 'CD658677', 'fatimazohra.khoutame@usmba.ac.ma', 'N133380836', 'SMI'),
(33350, 'KHZIZOU', 'KHAOULA', 'ZT279433', 'khaoula.khzizou@usmba.ac.ma', 'S136250267', 'SMP'),
(33352, 'KISRA', 'NOUHAYLA', 'CD354310', 'nouhayla.kisra@usmba.ac.ma', 'N139254198', 'SMP'),
(33439, 'LAZAR', 'ILHAM', 'CD659416', 'ilham.lazar@usmba.ac.ma', 'N132194731', 'SMP'),
(33441, 'LAZRAG', 'ZAKARIAE', 'CD657697', 'zakariae.lazrag@usmba.ac.ma', 'N132163265', 'SMP'),
(33444, 'LECHHAB', 'NOUHAYLA', 'CB330171', 'nouhayla.lechhab@usmba.ac.ma', 'N135371132', 'SVI'),
(33445, 'LEMHOUOUAR', 'MERYEM', 'CD657593', 'meryem.lemhououar@usmba.ac.ma', 'N133211963', 'SVI'),
(33855, 'SRISRA', 'NOAMAN', 'ZT283815', 'noaman.srisra@usmba.ac.ma', 'S140024148', 'SMC'),
(33856, 'STITOU', 'KAOUTAR', 'ZT276127', 'kaoutar.stitou@usmba.ac.ma', 'S138238162', 'SVI'),
(33857, 'TABET', 'ABDELILAH', 'CD678640', 'abdelilah.tabet@usmba.ac.ma', 'N137374904', 'SMP'),
(33858, 'TADLAOUI', 'AYA', 'CD287789', 'aya.tadlaoui@usmba.ac.ma', 'N135172926', 'SMI'),
(33861, 'TAIBANE', 'ANAS', 'Cd343911', 'anas.taibane@usmba.ac.ma', 'N132227692', 'SMP'),
(33863, 'TAJMOUATI', 'HIND', 'CD354305', 'hind.tajmouati@usmba.ac.ma', 'N133182279', 'STU'),
(33864, 'TAKKI', 'MOHAMMED', 'CD685628', 'mohammed.takki@usmba.ac.ma', 'N133195745', 'SMP'),
(33866, 'TALEB', 'MOHAMMED', 'CD436752', 'mohammed.taleb@usmba.ac.ma', 'N142036504', 'SMP'),
(33867, 'TALHAOUI', 'NEZHA', 'CD289925', 'nezha.talhaoui@usmba.ac.ma', 'N135317223', 'SMP'),
(33869, 'TALLIL', 'FATINE', 'CD666177', 'fatine.tallil@usmba.ac.ma', 'N134350914', 'SMP'),
(33893, 'TOUZANI', 'NOUR EDDINE', 'ZT285272', 'noureddine.touzani@usmba.ac.ma', 'S140023959', 'SMP'),
(33894, 'TREBAK', 'FATIMA', 'CD665212', 'fatima.trebak@usmba.ac.ma', 'N146030034', 'SVI'),
(33896, 'TRICHINE', 'FATIHA', 'CD675141', 'fatiha.trichine@usmba.ac.ma', 'N134226294', 'SMC'),
(33898, 'TRITAH', 'SAAD', 'CB278132', 'saad.tritah@usmba.ac.ma', 'Z183201910', 'SMP'),
(33904, 'YAHYA', 'KARIM', 'DB28381', 'karim.yahya@usmba.ac.ma', 'M137529220', 'SMP'),
(33990, 'SYLLA', 'DJIBRIL', 'O0391245', 'djibril.sylla@usmba.ac.ma', '1880110012', 'SVI'),
(34142, 'FERGOUGUI', 'MOHAMED', 'Z627179', 'mohamed.fergougui@usmba.ac.ma', 'S138344615', 'STU'),
(34151, 'EL BARAKA', 'YOUNES', 'ZT271915', 'younes.elbaraka@usmba.ac.ma', 'S148045234', 'SMP'),
(34155, 'EL-OUARDY', 'ELALIA', 'CD718245', 'elalia.el-ouardy@usmba.ac.ma', 'N131172343', 'SMP'),
(34157, 'KIBBOU', 'YOUSSEF', 'CD743401', 'youssef.kibbou@usmba.ac.ma', 'N130282819', 'SVI'),
(34164, 'EL-ACHIRI', 'OMAR', 'ZT280955', 'omar.el-achiri@usmba.ac.ma', 'S136303607', 'SMP'),
(34176, 'FATHI', 'ASMAE', 'CB320694', 'asmae.fathi@usmba.ac.ma', 'N135087802', 'SVI'),
(34181, 'LEKHRARFI', 'SAAD', 'CD691680', 'saad.lekhrarfi@usmba.ac.ma', 'N139152344', 'SMP'),
(34253, 'SYLLA', 'ABDERRAHMANE', 'AA02862994', 'abderrahmane.sylla@usmba.ac.ma', '1880110056', 'STU'),
(34315, 'YAHIAOUI', 'LOUBNA', 'CB316314', 'loubna.yahiaoui@usmba.ac.ma', 'N136335506', 'SVI'),
(34339, 'DOUMBOUYA', 'MOUSSA', 'O00400822', 'moussa.doumbouya@usmba.ac.ma', '1880110017', 'STU'),
(34343, 'KONATE', 'OUMAR', 'O00292495', 'oumar.konate@usmba.ac.ma', '1880110025', 'STU'),
(34355, 'TAHIROU MOUSSA', 'MAHAMADOU', '10PC68695', 'mahamadou.tahiroumoussa@usmba.ac.ma', '1880110019', 'SVI'),
(34367, 'DUMBI', 'PHOBA EZECHIEL', 'OP0463607', 'phobaezechiel.dumbi@usmba.ac.ma', '1880110102', 'SMA'),
(34783, 'BOUHOU', 'HAYAT', 'CN40640', 'hayat.bouhou@usmba.ac.ma', 'N137334830', 'SVI'),
(34788, 'BOUIHALLAL', 'HAKIMA', 'CN40850', 'hakima.bouihallal@usmba.ac.ma', 'N137095717', 'SVI'),
(34790, 'BOUJARDA', 'SALMA', 'ZT293302', 'salma.boujarda@usmba.ac.ma', 'S136145520', 'SVI'),
(34792, 'BOUJEDDAINE', 'HAMZA', 'CN40052', 'hamza.boujeddaine@usmba.ac.ma', 'N148043324', 'SVI'),
(34793, 'BOUJRAF', 'ILYASSE', 'Cb329168', 'ilyasse.boujraf@usmba.ac.ma', 'N136283490', 'SMP'),
(34796, 'BOUKAABA', 'ILHAME', 'CB330495', 'ilhame.boukaaba@usmba.ac.ma', 'N138317794', 'SMP'),
(34797, 'BOUKAISSI', 'KARIM', 'CD146382', 'karim.boukaissi@usmba.ac.ma', 'N138303446', 'SMP'),
(34799, 'BOUKHIMA', 'BOUCHRA', 'CD689726', 'bouchra.boukhima@usmba.ac.ma', 'N136167959', 'SVI'),
(34801, 'BOUKHRIT', 'YASSINE', 'Z652621', 'yassine.boukhrit@usmba.ac.ma', 'S138187466', 'SMA'),
(34802, 'BOUKILI', 'MOHAMMED', 'CB334851', 'mohammed.boukili@usmba.ac.ma', 'N131355867', 'SMA'),
(34904, 'CHARFI', 'AHLAME', 'ZT294682', 'ahlame.charfi@usmba.ac.ma', 'S130297596', 'SMP'),
(34906, 'CHARKI', 'KAOUTHAR', 'CD782243', 'kaouthar.charki@usmba.ac.ma', 'N139167861', 'SVI'),
(34909, 'CHATER', 'NAJOUA', 'ZH1821', 'najoua.chater@usmba.ac.ma', 'S139291830', 'SMA'),
(34911, 'CHATOUI', 'IMANE', 'ZT297465', 'imane.chatoui@usmba.ac.ma', 'N137282636', 'SMA'),
(34914, 'CHELOUATI', 'KARIM', 'CB335397', 'karim.chelouati@usmba.ac.ma', 'N133323043', 'SMP'),
(34916, 'CHENIOUR', 'RAJAE', 'ZH1684', 'rajae.cheniour@usmba.ac.ma', 'S146017741', 'SMA'),
(34995, 'DRIDER', 'OUIAM', 'CD666833', 'ouiam.drider@usmba.ac.ma', 'N130224582', 'SVI'),
(34999, 'ECHADILI', 'AMINE', 'CD666175', 'amine.echadili@usmba.ac.ma', 'N130351373', 'SMP'),
(35000, 'ECH-CHAHID', 'HAFSA', 'CD679996', 'hafsa.ech-chahid@usmba.ac.ma', 'N133348461', 'SVI'),
(35001, 'ECH-CHAQROUNY', 'WALID', 'Zh3572', 'walid.ech-chaqrouny@usmba.ac.ma', 'S143025199', 'SMP'),
(35109, 'EL BAKKIOUI', 'NOUHAILA', 'ZT298305', 'nouhaila.elbakkioui@usmba.ac.ma', 'S134412195', 'SMA'),
(35110, 'EL BAKRI', 'AMAL', 'CD29416', 'amal.elbakri@usmba.ac.ma', 'N143015947', 'SMP'),
(35115, 'EL BARBARI', 'HAFSA', 'CD790996', 'hafsa.elbarbari@usmba.ac.ma', 'N130343513', 'SVI'),
(35118, 'EL BASSRI', 'ZAYD', 'ZH2261', 'zayd.elbassri@usmba.ac.ma', 'S148040772', 'SMA'),
(35120, 'EL BAZ', 'SALIMA', 'Zt294386', 'salima.elbaz@usmba.ac.ma', 'S142031877', 'SVI'),
(35122, 'EL BEKKOURI', 'NADYA', 'CB337088', 'nadya.elbekkouri@usmba.ac.ma', 'N130386642', 'SVI'),
(35123, 'EL BETIOUI', 'OUIAM', 'CD679864', 'ouiam.elbetioui@usmba.ac.ma', 'N134156973', 'SMP'),
(35127, 'EL BOUAZAOUI', 'ABDELHAFID', 'ZT291214', 'abdelhafid.elbouazaoui@usmba.ac.ma', 'S134121417', 'SMA'),
(35215, 'EL HAYANI EL MOURABI', 'BOUTHAYNA', 'CB328686', 'bouthayna.elhayanielmourabi@usmba.ac.ma', 'N130266030', 'SVI'),
(35218, 'EL HERCH', 'MARWANE', 'CN39906', 'marwane.elherch@usmba.ac.ma', 'H131392831', 'SMP'),
(35219, 'EL HILAL', 'ABDENOUR', 'ZT290714', 'abdenour.elhilal@usmba.ac.ma', 'N120041953', 'SMP'),
(35222, 'EL HIRI', 'MERYEM', 'CD698655', 'meryem.elhiri@usmba.ac.ma', 'N131343641', 'SMP'),
(35226, 'EL HMAIDI', 'LOUBNA', 'ZT290375', 'loubna.elhmaidi@usmba.ac.ma', 'S133332529', 'SVI'),
(35228, 'EL HOUARI', 'IMANE', 'CD704822', 'imane.elhouari@usmba.ac.ma', 'N142011978', 'SMA'),
(35310, 'EL MESSARI', 'IKRAM', 'ZT290700', 'ikram.elmessari@usmba.ac.ma', 'S131355600', 'SMP'),
(35311, 'EL MESTOUR', 'MOURAD', 'CD355670', 'mourad.elmestour@usmba.ac.ma', 'N137170311', 'SVI'),
(35312, 'EL MEZIOUI', 'MALIKA', 'ZT299328', 'malika.elmezioui@usmba.ac.ma', 'S131241015', 'SMA'),
(35313, 'EL MGATAA', 'SAFAE', 'CD752382', 'safae.elmgataa@usmba.ac.ma', 'N133231249', 'SVI'),
(35316, 'EL MIDAOUI', 'AMAL', 'CD727434', 'amal.elmidaoui@usmba.ac.ma', 'N135304982', 'SVI'),
(35319, 'EL MODEN', 'AYYOUB', 'CD910301', 'ayyoub.elmoden@usmba.ac.ma', 'N135326849', 'SMP'),
(35322, 'EL MORABET', 'NADIA', 'CD697860', 'nadia.elmorabet@usmba.ac.ma', 'N137154912', 'SMA'),
(35324, 'EL MOTAOUAKKEL', 'HIND', 'CD344380', 'hind.elmotaouakkel@usmba.ac.ma', 'N148025039', 'SVI'),
(35325, 'EL MOUAFFAQ', 'ABDELLAH', 'CD439399', 'abdellah.elmouaffaq@usmba.ac.ma', 'N140039133', 'SMP'),
(35328, 'EL MOUHADANA', 'IMANE', 'CD751992', 'imane.elmouhadana@usmba.ac.ma', 'N132305064', 'SVI'),
(35464, 'ELHAKIM', 'CHAYMAE', 'CD439707', 'chaymae.elhakim@usmba.ac.ma', 'N133249580', 'SVI'),
(35471, 'EL-HEGGACH', 'NOUHAYLA', 'cd438440', 'nouhayla.el-heggach@usmba.ac.ma', 'N135349497', 'SVI'),
(35474, 'ELIDRISSI', 'MERYEM', 'CD725659', 'meryem.elidrissi@usmba.ac.ma', 'N133305024', 'SMP'),
(35475, 'ELIYSAOUY', 'BADR', 'CN44428', 'badr.eliysaouy@usmba.ac.ma', 'N136092776', 'SVI'),
(35476, 'ELIYSAOUY', 'MOHAMMED', 'CN45149', 'mohammed.eliysaouy@usmba.ac.ma', 'N135094339', 'SVI'),
(35521, 'ELMOUSSAOUI', 'WALID', 'CB338898', 'walid.elmoussaoui@usmba.ac.ma', 'N140012360', 'SMP'),
(35522, 'ELMOUTAOUAKIL', 'OUMAYMA', 'CD726923', 'oumayma.elmoutaouakil@usmba.ac.ma', 'N130184571', 'SVI'),
(35524, 'EL-MZOUNI', 'KHADIJA', 'ZT295504', 'khadija.el-mzouni@usmba.ac.ma', 'S130338331', 'SMP'),
(35526, 'ELOUAFY', 'FATIMA', 'ZT294191', 'fatima.elouafy@usmba.ac.ma', 'S149005983', 'SVI'),
(35527, 'EL-OUANNASY', 'ABDELMAJID', 'ZT297561', 'abdelmajid.el-ouannasy@usmba.ac.ma', 'S140051899', 'SVI'),
(35528, 'ELOUARDI', 'MERYEM', 'CD29747', 'meryem.elouardi@usmba.ac.ma', 'N135224828', 'SMP'),
(35529, 'EL-OUARDY', 'CHADIA', 'ZH1175', 'chadia.el-ouardy@usmba.ac.ma', 'S133182533', 'SVI'),
(35530, 'ELOUARTI', 'AMINE', 'CD743076', 'amine.elouarti@usmba.ac.ma', 'N130367083', 'SMP'),
(35531, 'EL-OUATIK', 'SAMIRA', 'CN42332', 'samira.el-ouatik@usmba.ac.ma', 'N131110360', 'SVI'),
(35682, 'FELLAS', 'OUMAYMA', 'S795408', 'oumayma.fellas@usmba.ac.ma', 'N132325421', 'SMP'),
(35683, 'FENNANE', 'SALMA', 'CD675986', 'salma.fennane@usmba.ac.ma', 'N138373877', 'SMA'),
(35684, 'FIKIENS', 'HAFSA', 'CN42989', 'hafsa.fikiens@usmba.ac.ma', 'N137278387', 'SVI'),
(35687, 'FILALI DAHNI', 'FATIMA ZOHRA', 'CD698859', 'fatimazohra.filalidahni@usmba.ac.ma', 'N132350046', 'SMA'),
(35757, 'HALMAOUI', 'ATIKA', 'CD437132', 'atika.halmaoui@usmba.ac.ma', 'N137280449', 'SVI'),
(35759, 'HAMADI', 'HALA', 'CD703471', 'hala.hamadi@usmba.ac.ma', 'N146070481', 'SMA'),
(35762, 'HAMDAN', 'FATIMA-ZAHRA', 'CD406203', 'fatima-zahra.hamdan@usmba.ac.ma', 'N130264024', 'SVI'),
(35763, 'HAMDAOUI', 'ABDELMOUNAIM', 'CN45025', 'abdelmounaim.hamdaoui@usmba.ac.ma', 'N136259185', 'SVI'),
(35764, 'HAMDAOUY', 'SALMA', 'CD626252', 'salma.hamdaouy@usmba.ac.ma', 'N137268264', 'SMA'),
(35765, 'HAMDIDOU', 'BILAL', 'P356198', 'bilal.hamdidou@usmba.ac.ma', 'D130020387', 'SVI'),
(35766, 'HAMDIDOU', 'MERYEM', 'CD703806', 'meryem.hamdidou@usmba.ac.ma', 'N135147318', 'SVI'),
(35767, 'HAMDIDOU', 'HAJAR', 'ZT301390', 'hajar.hamdidou@usmba.ac.ma', 'N133152186', 'SVI'),
(35768, 'HAMIDI', 'SOUMAYA', 'CD354990', 'soumaya.hamidi@usmba.ac.ma', 'N146066506', 'SVI'),
(35769, 'HAMIDI', 'BOUCHRA', 'CD677180', 'bouchra.hamidi@usmba.ac.ma', 'N131263184', 'SVI'),
(35770, 'HAMMANI', 'MOHAMED', 'ZT291587', 'mohamed.hammani@usmba.ac.ma', 'S134261331', 'SMA'),
(35860, 'JAMIA', 'FATHIYAT OLATOKUNBO', 'CD9051179', 'fathiyatolatokunbo.jamia@usmba.ac.ma', 'N120041964', 'SMA'),
(35862, 'JANATI IDRISSI', 'AMINE', 'ZT291029', 'amine.janatiidrissi@usmba.ac.ma', 'S133263767', 'SVI'),
(35863, 'JANATI IDRISSI', 'ABIR', 'ZT296979', 'abir.janatiidrissi@usmba.ac.ma', 'S146050734', 'SMA'),
(35864, 'JATTIOUI', 'ABDELILAH', 'CD698296', 'abdelilah.jattioui@usmba.ac.ma', 'N135347633', 'SMP'),
(35865, 'JATTIOUI', 'MARYAME', 'CD760269', 'maryame.jattioui@usmba.ac.ma', 'N132243930', 'SMP'),
(35923, 'KHALFAOUY', 'AZIZA', 'CN45859', 'aziza.khalfaouy@usmba.ac.ma', 'N132146113', 'SVI'),
(35924, 'KHALI', 'NABIL', 'CD387881', 'nabil.khali@usmba.ac.ma', 'N136336874', 'SMP'),
(35925, 'KHALOUTA', 'OMAR', 'CD404091', 'omar.khalouta@usmba.ac.ma', 'N130163315', 'SMP'),
(35926, 'KHAMISSI', 'HALIMA', 'ZT297112', 'halima.khamissi@usmba.ac.ma', 'S131347933', 'SVI'),
(35934, 'KHILI', 'SAFA', 'CD686835', 'safa.khili@usmba.ac.ma', 'N132196494', 'SMP'),
(35935, 'KHIRBA', 'SALMA', 'CD689980', 'salma.khirba@usmba.ac.ma', 'N143025711', 'SVI'),
(35937, 'KHOMSI', 'FATIMA ZAHRAE', 'CD344073', 'fatimazahrae.khomsi@usmba.ac.ma', 'N134305607', 'SVI'),
(35940, 'KIOUACH', 'HANAE', 'Zt297362', 'hanae.kiouach@usmba.ac.ma', 'S141049300', 'SMP'),
(35941, 'KMACHOU', 'MONSEF', 'CN45581', 'monsef.kmachou@usmba.ac.ma', 'N135042633', 'SMA'),
(35942, 'KOBBI', 'SAFAE', 'CD437695', 'safae.kobbi@usmba.ac.ma', 'N140036239', 'SVI'),
(35943, 'KOBBI', 'ABDELGHAFOUR', 'CD678133', 'abdelghafour.kobbi@usmba.ac.ma', 'N136256625', 'SVI'),
(36040, 'LAZAR', 'NABILA', 'CD387320', 'nabila.lazar@usmba.ac.ma', 'N133205322', 'SVI'),
(36041, 'LAZIRI', 'AZIZ', 'ZT292583', 'aziz.laziri@usmba.ac.ma', 'S140013508', 'SMP'),
(36043, 'LAZRAK', 'ZINEB', 'CD610569', 'zineb.lazrak@usmba.ac.ma', 'N131142127', 'SMP'),
(36046, 'LEMHAMDI', 'IKRAM', 'CN41957', 'ikram.lemhamdi@usmba.ac.ma', 'N139122868', 'SVI');
INSERT INTO `etudiants` (`code_etudiant`, `nom`, `prenom`, `cin`, `email`, `cne`, `id_filiere`) VALUES
(36047, 'LEMMASSI', 'AYOUB', 'CD689829', 'ayoub.lemmassi@usmba.ac.ma', 'N130276087', 'SVI'),
(36048, 'LEMSIDI', 'FATIMA-ZAHRAE', 'CD354217', 'fatima-zahrae.lemsidi@usmba.ac.ma', 'N120028734', 'SMP'),
(36050, 'LEMSIDI', 'MERYEM', 'CD687456', 'meryem.lemsidi@usmba.ac.ma', 'N130224515', 'SVI'),
(36051, 'LEMSIDI', 'MOHAMMED', 'CD679310', 'mohammed.lemsidi@usmba.ac.ma', 'N135338061', 'SMP'),
(36250, 'NIBRACE', 'MOHAMED', 'BK629389', 'mohamed.nibrace@usmba.ac.ma', 'R138711676', 'SVI'),
(36440, 'STITOU', 'GHITA', 'CD745577', 'ghita.stitou@usmba.ac.ma', 'N130351262', 'SMP'),
(36444, 'TABBAL', 'KAMAL', 'PA258990', 'kamal.tabbal@usmba.ac.ma', 'S139425743', 'SVI'),
(36446, 'TAGHROUTE', 'SOUKAYNA', 'CN43364', 'soukayna.taghroute@usmba.ac.ma', 'N134262312', 'SVI'),
(36448, 'TAHIRI', 'YOUSSRA', 'Cd745757', 'youssra.tahiri@usmba.ac.ma', 'N138364106', 'SVI'),
(36449, 'TAHIRI', 'SOUKAINA', 'CD659280', 'soukaina.tahiri@usmba.ac.ma', 'N136348632', 'SMA'),
(36452, 'TAHRI JOUTI HASSANI', 'JIHANE', 'CD388959', 'jihane.tahrijoutihassani@usmba.ac.ma', 'N146020950', 'SMA'),
(36457, 'TALHA', 'EL MEHDI', 'CD905496', 'elmehdi.talha@usmba.ac.ma', 'N139164451', 'SMP'),
(36458, 'TALHAOUI', 'ANAS', 'CD752475', 'anas.talhaoui@usmba.ac.ma', 'N132253088', 'SMP'),
(36501, 'WAFAE', 'MEHDAOUI', 'CD698582', 'mehdaoui.wafae@usmba.ac.ma', 'N131175127', 'SVI'),
(36502, 'WARDI', 'YOUNES', 'U202522', 'younes.wardi@usmba.ac.ma', 'N137262472', 'SVI'),
(36505, 'YACINE', 'YASAMINE', 'CN42363', 'yasamine.yacine@usmba.ac.ma', 'CN133042000', 'SVI'),
(36590, 'TRAORE', 'MAHAMADOU', 'AA0105894', 'mahamadou.traore@usmba.ac.ma', '1980110067', 'SMA'),
(36706, 'EL-HASSOUNI', 'YOUSSRA', 'ZT246098', 'youssra.el-hassouni@usmba.ac.ma', 'S142029563', 'SMA'),
(36717, 'LEMZIOUKA', 'KHALID', 'ZT265585', 'khalid.lemziouka@usmba.ac.ma', 'N133199494', 'SMP'),
(36738, 'CHENTIR', 'OUMAIMA', 'Z604483', 'oumaima.chentir@usmba.ac.ma', 'S144007219', 'SMC'),
(36748, 'EL HATHATE', 'OMAYMA', 'ZT284974', 'omayma.elhathate@usmba.ac.ma', 'S131210013', 'SVI'),
(36753, 'EL MESTOUR', 'HAMZA', 'CD289429', 'hamza.elmestour@usmba.ac.ma', 'N131171004', 'SVI'),
(36761, 'FLILAH', 'OUSSAMA', 'CD704654', 'oussama.flilah@usmba.ac.ma', 'N136171992', 'SMA'),
(36768, 'LABIAD', 'ZAKARIAE', 'CD568066', 'zakariae.labiad@usmba.ac.ma', 'N134123977', 'SVI'),
(36770, 'LIBOURKI', 'CHAYMAE', 'CD435724', 'chaymae.libourki@usmba.ac.ma', 'N136228419', 'SMP'),
(36787, 'SRITI', 'RAJAE', 'CD726227', 'rajae.sriti@usmba.ac.ma', 'N133304944', 'SVI'),
(36811, 'EL BATTIOUI', 'NASSIRA', 'Rc37747', 'nassira.elbattioui@usmba.ac.ma', 'P142019938', 'SMP'),
(36825, 'JAOUHARI', 'ABDELILAH', 'CD673732', 'abdelilah.jaouhari@usmba.ac.ma', 'N139163592', 'SMP'),
(36863, 'LONCHAMP', 'PIERRE  LOIC', 'O00258940', 'pierreloic.lonchamp@usmba.ac.ma', '1980110025', 'SMA'),
(36899, 'KIAH  JR', 'JAMES  SAAH', 'PP0038432', 'jamessaah.kiahjr@usmba.ac.ma', '1980110057', 'SVI'),
(36904, 'KONE', 'SIDI', '18AX43768', 'sidi.kone@usmba.ac.ma', '1980110062', 'SVI'),
(36909, 'TRAVERS', 'RUBEL  ROMEO', 'PP0040522', 'rubelromeo.travers@usmba.ac.ma', '1980110069', 'SVI'),
(36910, 'TRAORE', 'ADAMA  SEYDOU', 'AA0421723', 'adamaseydou.traore@usmba.ac.ma', '1980110070', 'SMA'),
(36911, 'VITALI', 'MOUSSA', 'NBE518858', 'moussa.vitali@usmba.ac.ma', '1980110071', 'SVI'),
(36922, 'TALL', 'FATOUMATA', '19AA21725', 'fatoumata.tall@usmba.ac.ma', '1980110076', 'SVI'),
(36925, 'KONATEH', 'ALASAN', 'PC052078', 'alasan.konateh@usmba.ac.ma', '1980110079', 'SVI'),
(36940, 'WEMAKOY', 'DESIRE', 'OP0521692', 'desire.wemakoy@usmba.ac.ma', '1980110090', 'SMA');

-- --------------------------------------------------------

--
-- Structure de la table `etudiant_module`
--

CREATE TABLE `etudiant_module` (
  `code_etudiant` int(6) NOT NULL,
  `id_module` varchar(4) NOT NULL
) ENGINE=InnoDB DEFAULT CHARSET=utf8mb4;

-- --------------------------------------------------------

--
-- Structure de la table `filieres`
--

CREATE TABLE `filieres` (
  `id_filiere` varchar(4) NOT NULL,
  `nom_filiere` varchar(100) NOT NULL
) ENGINE=InnoDB DEFAULT CHARSET=utf8mb4;

--
-- Déchargement des données de la table `filieres`
--

INSERT INTO `filieres` (`id_filiere`, `nom_filiere`) VALUES
('SMA', 'Science Mathématiques et Application'),
('SMC', 'Sciences de la Matière Chimie'),
('SMP', 'Sciences de la Matière Physique'),
('STU', 'Sciences de la Terre et de l\'Univers'),
('SVI', 'Sciences de la Vie '),
('SMI', 'Sciences Mathématiques et Informatique ');

-- --------------------------------------------------------

--
-- Structure de la table `modules`
--

CREATE TABLE `modules` (
  `id_module` varchar(4) NOT NULL,
  `nom_module` varchar(100) NOT NULL,
  `id_filiere` varchar(4) NOT NULL,
  `code_prof` int(6) NOT NULL
) ENGINE=InnoDB DEFAULT CHARSET=utf8mb4;

-- --------------------------------------------------------

--
-- Structure de la table `professeurs`
--

CREATE TABLE `professeurs` (
  `code_prof` int(6) NOT NULL,
  `nom` varchar(100) NOT NULL,
  `prenom` varchar(100) NOT NULL,
  `cin` varchar(10) NOT NULL,
  `email` varchar(100) NOT NULL
) ENGINE=InnoDB DEFAULT CHARSET=utf8mb4;

--
-- Déchargement des données de la table `professeurs`
--

INSERT INTO `professeurs` (`code_prof`, `nom`, `prenom`, `cin`, `email`) VALUES
(14342, 'BEROUAG', 'FATIMA ZOHRA', 'CD540747', 'fatimazohra.berouag@usmba.ac.ma'),
(17614, 'AYACHI', 'BOUCHRA', 'ZT118259', 'bouchra.ayachi@usmba.ac.ma'),
(20697, 'ATTACH', 'BRAHIM', 'CB292701', 'brahim.attach@usmba.ac.ma'),
(23017, 'ATTARIK', 'TAOUFIK', 'CD195067', 'taoufik.attarik@usmba.ac.ma'),
(23019, 'AYADI', 'ABDELHAK', 'CD590499', 'abdelhak.ayadi@usmba.ac.ma'),
(23092, 'BERGALLA', 'OUMAIMA', 'CD598948', 'oumaima.bergalla@usmba.ac.ma'),
(24484, 'ASSOUIK', 'CHAYMAE', 'CD255511', 'chaymae.assouik@usmba.ac.ma'),
(25717, 'ARTIB', 'BADR', 'CB312524', 'badr.artib@usmba.ac.ma'),
(25719, 'ASRIH', 'ANISSA', 'Cb314507', 'anissa.asrih@usmba.ac.ma'),
(25724, 'ATIF', 'morad', 'ZT218493', 'morad.atif@usmba.ac.ma'),
(25908, 'BERAIDA', 'HAJAR', 'CD587725', 'hajar.beraida@usmba.ac.ma'),
(25916, 'BERRAHO', 'FATIMA ZAHRAE', 'CD691986', 'fatimazahrae.berraho@usmba.ac.ma'),
(25917, 'BERRAOUI', 'EL MAHDI', 'CB312576', 'elmahdi.berraoui@usmba.ac.ma'),
(25918, 'BERREIDECHE', 'MOHAMMED', 'cd295014', 'mohammed.berreideche@usmba.ac.ma'),
(25928, 'BOUABID', 'GHITA', 'CB304311', 'ghita.bouabid@usmba.ac.ma'),
(27448, 'ASFOURI', 'MOUHCINE', 'CD680099', 'mouhcine.asfouri@usmba.ac.ma'),
(28050, 'ASEKO AKARA', 'FERNANDO  NSONO', 'F0003844', 'fernandonsono.asekoakara@usmba.ac.ma'),
(28464, 'AYADI', 'FADWA', 'CD683264', 'fadwa.ayadi@usmba.ac.ma'),
(28465, 'AYADI', 'ABDELHADI', 'CD741747', 'abdelhadi.ayadi@usmba.ac.ma'),
(28466, 'AYOU', 'EL MAHDI', 'CD285971', 'elmahdi.ayou@usmba.ac.ma'),
(28573, 'BERCHACH', 'OUAFAE', 'ZT254479', 'ouafae.berchach@usmba.ac.ma'),
(28576, 'BGIGHEL', 'AYOUB', 'CD691720', 'ayoub.bgighel@usmba.ac.ma'),
(28579, 'BHILISSE', 'ZINEB', 'CD741848', 'zineb.bhilisse@usmba.ac.ma'),
(28581, 'BITITE', 'SAMIR', 'CD684815', 'samir.bitite@usmba.ac.ma'),
(28585, 'BOUABID', 'KHAOULA', 'CD588678', 'khaoula.bouabid@usmba.ac.ma'),
(28587, 'BOUAICHA', 'CHAYMAE', 'CD721761', 'chaymae.bouaicha@usmba.ac.ma'),
(28589, 'BOUAIN', 'DOHA', 'CD692355', 'doha.bouain@usmba.ac.ma'),
(30076, 'AYACHI', 'ABDELHAK', 'CD656855', 'abdelhak.ayachi@usmba.ac.ma'),
(30111, 'BINAN', 'MOUNIA', 'ZT270325', 'mounia.binan@usmba.ac.ma'),
(30593, 'ATTER', 'ABDELAZIZ', 'CD285288', 'abdelaziz.atter@usmba.ac.ma'),
(30793, 'ARRAN', 'KARIMA', 'CD299573', 'karima.arran@usmba.ac.ma'),
(30794, 'ASLAL', 'FATIMA ZAHRA', 'PA245992', 'fatimazahra.aslal@usmba.ac.ma'),
(30796, 'ASSEMAR', 'IMAD', 'Zt238936', 'imad.assemar@usmba.ac.ma'),
(30799, 'ATTEOUI', 'OUSSAMA', 'DJ38265', 'oussama.atteoui@usmba.ac.ma'),
(30838, 'BHIHI', 'YOUSSRA', 'CD722922', 'youssra.bhihi@usmba.ac.ma'),
(31692, 'BIKOUMOU  BANZOUZI', 'GRACE PHALEK', 'OA0215776', 'gracephalek.bikoumoubanzouzi@usmba.ac.ma'),
(32103, 'ASKHANCHAO', 'MOHAMED', 'CN33414', 'mohamed.askhanchao@usmba.ac.ma'),
(32105, 'ASRI', 'ETTEJANIA', 'CD287293', 'ettejania.asri@usmba.ac.ma'),
(32107, 'ASSIOUS', 'MERIAM', 'CD676521', 'meriam.assious@usmba.ac.ma'),
(32110, 'ATTAR', 'BOUTAYNA', 'CD436786', 'boutayna.attar@usmba.ac.ma'),
(32111, 'AYAD', 'KHADIJA', 'ID96723', 'khadija.ayad@usmba.ac.ma'),
(32235, 'BENZIANE', 'FATIMA-ZAHRA', 'CN7543', 'fatima-zahra.benziane@usmba.ac.ma'),
(32238, 'BERDIL', 'FATINE', 'CD659152', 'fatine.berdil@usmba.ac.ma'),
(32243, 'BEYTOUR', 'SAFAE', 'CD288903', 'safae.beytour@usmba.ac.ma'),
(32244, 'BIAA', 'SOULAYMANE', 'CN38976', 'soulaymane.biaa@usmba.ac.ma'),
(32245, 'BIHI', 'SALMA', 'CD627272', 'salma.bihi@usmba.ac.ma'),
(32246, 'BILAL', 'ISMAIL', 'CD29323', 'ismail.bilal@usmba.ac.ma'),
(32248, 'BITAQA', 'DOHA', 'CD696639', 'doha.bitaqa@usmba.ac.ma'),
(32254, 'BOUAIN', 'NOUHAYLA', 'CD696426', 'nouhayla.bouain@usmba.ac.ma'),
(32283, 'BOUHLAL', 'CHAYMAE', 'cd354361', 'chaymae.bouhlal@usmba.ac.ma'),
(33979, 'BIHA', 'Mohamed Mohamed Lamine', 'BD1344978', 'mohamedmohamedlamine.biha@usmba.ac.ma'),
(34261, 'BORGES NEVES', 'DANILO', 'S118087', 'danilo.borgesneves@usmba.ac.ma'),
(34559, 'ASSISSOU', 'AWATEF', 'CB335758', 'awatef.assissou@usmba.ac.ma'),
(34563, 'ATIQ', 'AYOUB', 'CD667063', 'ayoub.atiq@usmba.ac.ma'),
(34564, 'ATTARI', 'SOUKAYNA', 'CD355619', 'soukayna.attari@usmba.ac.ma'),
(34565, 'ATTROUCH', 'CHAYMAE', 'CD744252', 'chaymae.attrouch@usmba.ac.ma'),
(34567, 'AYADI', 'FATIMA-ZAHRAE', 'CD689730', 'fatima-zahrae.ayadi@usmba.ac.ma'),
(34571, 'AYOUGIL', 'SARRA', 'CD698172', 'sarra.ayougil@usmba.ac.ma'),
(34733, 'BERCHID', 'KARIM', 'ZH2170', 'karim.berchid@usmba.ac.ma'),
(34742, 'BERRARE', 'SARA', 'ZT289622', 'sara.berrare@usmba.ac.ma'),
(34743, 'BERRICHI', 'AZIZA', 'CD347502', 'aziza.berrichi@usmba.ac.ma'),
(34750, 'BOUAICHA', 'NADA', 'CD679863', 'nada.bouaicha@usmba.ac.ma'),
(34751, 'BOUAKARAB', 'LAYLA', 'CB337858', 'layla.bouakarab@usmba.ac.ma'),
(36570, 'BOUHLAL', 'NAZIH', 'CD722248', 'nazih.bouhlal@usmba.ac.ma'),
(36710, 'ATIF', 'ISMAIL', 'SH205936', 'ismail.atif@usmba.ac.ma'),
(36802, 'BIYADI', 'HAFSA', 'CD697063', 'hafsa.biyadi@usmba.ac.ma'),
(36871, 'AWELL  KOUBAYE', 'ABDOULNASSER', '11PC06887', 'abdoulnasser.awellkoubaye@usmba.ac.ma'),
(36929, 'ARY  MAMADOU', 'HAOUA', '11PC13573', 'haoua.arymamadou@usmba.ac.ma');

-- --------------------------------------------------------

--
-- Structure de la table `test`
--

CREATE TABLE `test` (
  `code` int(11) NOT NULL,
  `nom` varchar(255) NOT NULL,
  `prenom` varchar(255) NOT NULL
) ENGINE=InnoDB DEFAULT CHARSET=utf8mb4;

--
-- Déchargement des données de la table `test`
--

INSERT INTO `test` (`code`, `nom`, `prenom`) VALUES
(34, 'omari', 'omar'),
(43, 'el kamili', 'najwa'),
(65, 'alami', 'nizar'),
(71, 'salhi', 'rachid'),
(76, 'naciri', 'rajae'),
(87, 'beqqali', 'reda');

-- --------------------------------------------------------

--
-- Structure de la table `utilisateurs`
--

CREATE TABLE `utilisateurs` (
  `code` int(6) NOT NULL,
  `nom` varchar(100) NOT NULL,
  `prenom` varchar(100) NOT NULL,
  `type` varchar(10) NOT NULL,
  `cin` varchar(10) NOT NULL,
  `email` varchar(100) NOT NULL,
  `hash` varchar(256) NOT NULL
) ENGINE=InnoDB DEFAULT CHARSET=utf8mb4;

--
-- Déchargement des données de la table `utilisateurs`
--

INSERT INTO `utilisateurs` (`code`, `nom`, `prenom`, `type`, `cin`, `email`, `hash`) VALUES
(7376, 'BOUKIR', 'AHMED', 'E', 'Zt3461', 'ahmed.boukir@usmba.ac.ma', '190a97d76b5583a43a8f267d007991af0dd563de8eae8d0e9b1cb0de84fc6d03'),
(8897, 'TAIFI', 'IMANE', 'E', 'ZT78570', 'imane.taifi@usmba.ac.ma', '553a5cb4e7cac52cdeb2476e05fe8f8ca70c5c6991e6b102227813a43a615e6a'),
(11159, 'JANATI IDRISSI', 'BOUCHTA', 'E', 'Zt38864', 'bouchta.janatiidrissi@usmba.ac.ma', '64f6ee2e87c39b1141373cf858c8fd626d8dbc1676311717b8b745e27532785c'),
(11463, 'LFAQUIR', 'ANWAR', 'E', 'CB266217', 'anwar.lfaquir@usmba.ac.ma', '7f8b4264c3a113a074c71b8e8851d3b4940be0621c7a1b435755925f8d999baf'),
(12075, 'DOURHRI', 'LAHSEN', 'E', 'CB240210', 'lahsen.dourhri@usmba.ac.ma', '3d66cf08b30d8798557e4988ca1434930a6f58240b5988960a4c169155b9130c'),
(12331, 'ELÖMRI', 'FATIHA', 'E', 'CD187437', 'fatiha.elömri@usmba.ac.ma', '781d68b12340cd30f80e34c4e62ab657734ad915f478de38d6a385ccafcc08d3'),
(12369, 'EL HILALI', 'OULAYA', 'E', 'CD400802', 'oulaya.elhilali@usmba.ac.ma', '25523dfdc874c262fffa7170bef1509a112a4b592d763eaea0661d7a96e5b7d2'),
(12439, 'EL HEND', 'JIHANE', 'E', 'CD225696', 'jihane.elhend@usmba.ac.ma', '5c7f49c099389a4ee2c375e5624e7f3fabb3aaeb092d256dea99d33e50f55d71'),
(12675, 'EL HIHI', 'YOUSSEF', 'E', 'CD510411', 'youssef.elhihi@usmba.ac.ma', '712f8fdb48b1fd4fc9f0873cff4262cca018f5a01280b81502edf7dd2b85d8c6'),
(13265, 'EL-JAZOULI', 'IHSAN', 'E', 'S406774', 'ihsan.el-jazouli@usmba.ac.ma', '5c8b00feb0b0300c9afeedbd6e5687775da4805f602e0f6887a04342a7f9ad7d'),
(13704, 'BOUJIDA', 'MOHAMED', 'E', 'ZG102668', 'mohamed.boujida@usmba.ac.ma', '2cff488d7bde9a4dfd9323083de049e8a8e9b18ff9d565a3d75a34bd9123e966'),
(14342, 'BEROUAG', 'FATIMA ZOHRA', 'E', 'CD540747', 'fatimazohra.berouag@usmba.ac.ma', 'e35c887748b77f1f9a7927d20d8edc8d979bc8a6fb7a8bf09ff2382ff6b3e9ea'),
(14562, 'EL BARADÄY', 'IBRAHIM', 'E', 'CD560073', 'ibrahim.elbaradäy@usmba.ac.ma', 'd39a719a1c4fda8e81794ec2ab1362056285e53cfda3e50aabeb4edd9c19ffe6'),
(15587, 'EL-IMRANY', 'AHMED', 'E', 'ZT51396', 'ahmed.el-imrany@usmba.ac.ma', 'd8eac954ab51fa2c92b5dd25676248c029b7effcd04e462152d4536b03004fab'),
(15988, 'EL HABBI', 'CHAHIDA', 'E', 'CD609508', 'chahida.elhabbi@usmba.ac.ma', '189885af4b34a7a8b7ddfda8baf853014524d6005c19bd3655ce80b261b36007'),
(16107, 'ELOUARDI', 'NISRINE', 'E', 'CD353019', 'nisrine.elouardi@usmba.ac.ma', 'ba7c0be7850ad7c45d98f9db47d9f14cfad1e63a82b79400e1a40ee335036399'),
(16262, 'KHATARTA', 'KHALID', 'E', 'CD235162', 'khalid.khatarta@usmba.ac.ma', '402b7ae8a6773dc432e8de1a2c55c32fa9f4e9297dd709465989a2b76a7cc08f'),
(16849, 'EL HOLOUI', 'SALAH-EDDINE', 'E', 'CD204882', 'salah-eddine.elholoui@usmba.ac.ma', '92e75cea04f88d21185e7172c71e4a82e5243a7845dadcc119013af2f492bca2'),
(16947, 'HAMMANI', 'ABDERRAHIM', 'E', 'Cd509907', 'abderrahim.hammani@usmba.ac.ma', '33fcc1dcc875dce3f062d13fd9aa1f75219f0c460994e6293d265fdbd99f946e'),
(16984, 'JAZOULI', 'GHIZLANE', 'E', 'Cd541904', 'ghizlane.jazouli@usmba.ac.ma', '605510523665c6753838c24ddef13b3b8b6e40c1bdda7aa5d9065a7fab779e03'),
(17085, 'TOUZANI', 'SOFIA', 'E', 'ZT124039', 'sofia.touzani@usmba.ac.ma', 'cb6bdf4f5e3f54565a8d75b39c69db87954bd9a47cf9a304e28476bfe6d9442b'),
(17614, 'AYACHI', 'BOUCHRA', 'E', 'ZT118259', 'bouchra.ayachi@usmba.ac.ma', '79033687c912b54017e33640e30d0c83b218c96d753ad86133008e1887f39cad'),
(17727, 'EL MESOUDY', 'MOHAMMED', 'E', 'CD562416', 'mohammed.elmesoudy@usmba.ac.ma', '51c5db9e8290628e9018170ce67bfc83c1861cbbe9b02d20d935cfe4888a44d8'),
(17847, 'JAOUAL', 'SOUKAINA', 'E', 'CD192567', 'soukaina.jaoual@usmba.ac.ma', 'f5a70d0f0dcf41c1ec19896b52a617a15b06418cafa4e0185d7954b0f156add1'),
(17981, 'KHARCHACHI', 'ZOUHIR', 'E', 'CD560411', 'zouhir.kharchachi@usmba.ac.ma', '91530de052f0ec278190c71b0173fc6b48889f1fb62e4a66e15c1a3825512f2c'),
(18197, 'TAJRI', 'ABDELHAFID', 'E', 'DO15279', 'abdelhafid.tajri@usmba.ac.ma', '47225d8476724bd63870eac832eb12c0c586dda07acae6c80dab85c659cf6a26'),
(18247, 'TRISS', 'ABDELHAKIM', 'E', 'zt127336', 'abdelhakim.triss@usmba.ac.ma', '203d68ec01bf7eba5472b8019e6ce4ef8743d54708642194289b203d4929cb5f'),
(18685, 'TAHRI', 'NABIL', 'E', 'CD594638', 'nabil.tahri@usmba.ac.ma', '4069a9c1d8a6b73988806ec300a78b3877f3fe1cc1f0b9efec7230cf09e9eff8'),
(18722, 'ELMRABET', 'ABDELWAFI', 'E', 'Zt110217', 'abdelwafi.elmrabet@usmba.ac.ma', 'edda8ed654784fa19f6294998231200128a9ec6e4c9120b6c683a147bd62db76'),
(18737, 'EL MESELLEK', 'ZOUHRIA', 'E', 'CD543851', 'zouhria.elmesellek@usmba.ac.ma', 'f67d7af57da25ea377f09c54e16dd8135282a97ffca015fd77754a82b7f9d7e3'),
(18750, 'ALOUI', 'YOUNES', 'E', 'ZT126287', 'younes.aloui@usmba.ac.ma', '855af675d6f83a9cfe647591310aef9cdda6ec381fad6e60628671db56b2d6b0'),
(18952, 'EL-MOUMNI', 'MOUNIM', 'E', 'ZT33532', 'mounim.el-moumni@usmba.ac.ma', 'e3aea7860f6eae272218ff196048c94f168203b2ec6a063d3d9814855ec9f1a9'),
(19280, 'YAHYAOUI', 'SANAE', 'E', 'CN17238', 'sanae.yahyaoui@usmba.ac.ma', '3c18141c04db5bff570774fbd182f84aa56800589e2a23f6a236e1a22e44ac59'),
(19833, 'EL BELGHITI', 'KHALID', 'E', 'Zt95480', 'khalid.elbelghiti@usmba.ac.ma', 'dcf7e371d830ab9819d9c1c5aa8318ce96d138577dbcd5c0791f12d72e43877d'),
(19955, 'EL BEN', 'YOUNESS', 'E', 'Z541783', 'youness.elben@usmba.ac.ma', '389ed7483d48a851bc6b4473d7488a4016bbd6bf34613570cf91805d7c3cf5ae'),
(20697, 'ATTACH', 'BRAHIM', 'E', 'CB292701', 'brahim.attach@usmba.ac.ma', 'ca4e87f4b2fde7c9a067de24a7028bcfe6753e68b517daa6e407af40819dd6a7'),
(20844, 'DRAFAT', 'IMANE', 'E', 'Cd253217', 'imane.drafat@usmba.ac.ma', '69fa5e6fd5d460b4d4005cd7faa34723c36afc8572bd1d12c1696e705d031e4d'),
(20858, 'ECH CHABLY', 'HANANE', 'E', 'CD622731', 'hanane.echchably@usmba.ac.ma', '8ff1bd3227904e0acdf2a26a8649cf436b2042ce2128856b2e25e51866f7d25e'),
(20861, 'ECH CHYGUER', 'RACHIDA', 'E', 'Zt206612', 'rachida.echchyguer@usmba.ac.ma', '13e06352bb7594632b124f414322b2654ba0600a2a8010747705118dd34ced25'),
(21225, 'EL MOGHARY', 'SAID', 'E', 'CD523164', 'said.elmoghary@usmba.ac.ma', 'af871333f6f9d6bf5597dea7f309cc9a1c5d3b7214bb4517348f222ac7c19cd8'),
(21744, 'JANATI IDRISSI', 'YOUSSEF', 'E', 'ZT200313', 'youssef.janatiidrissi@usmba.ac.ma', 'a2ec21da2e1aba9f14f73b5480e708a7e9d1e6987e74ca02bc21d673ed0370e1'),
(21746, 'JANATI IDRISSI', 'YOUSRA', 'E', 'CD262391', 'yousra.janatiidrissi@usmba.ac.ma', 'cfedbbb1839e01c7515c979eaa8cea8b93d31c3e408843a4bb6166ef9c02a706'),
(21850, 'KHOURCHOUF', 'MERYEM', 'E', 'Cd271183', 'meryem.khourchouf@usmba.ac.ma', '1f417ae685db59046fd5e656f15d0016205ee6e63643d273266520daf8295120'),
(22192, 'NABAOUI', 'SALIMA', 'E', 'CB302011', 'salima.nabaoui@usmba.ac.ma', '0371584426583718d9af1c1eaa9de3610e0c8ee76cb81ba34fd88e73f6717987'),
(22530, 'TAMIMI', 'YOUSSEF', 'E', 'ZT177954', 'youssef.tamimi@usmba.ac.ma', '58b299762a3303921259ca89044c1dcd53c2a0ee45c403e7756b8ad337e953fd'),
(22572, 'TRIFESSE', 'SALIHA', 'E', 'Cd631182', 'saliha.trifesse@usmba.ac.ma', '3078d69ea44f1db07cb3d4e343c797694ff7d8075174ec1edccb9dd50a20230e'),
(22616, 'EL MOUDEN', 'ZAKARIA', 'E', 'CD527349', 'zakaria.elmouden@usmba.ac.ma', '674658953b0a4709850c959372a55088e1e8bac1aba90bb918addc90c867f228'),
(22671, 'ZRIRAK', 'KAOUTAR', 'E', 'CD270919', 'kaoutar.zrirak@usmba.ac.ma', 'ea16950b1e701e8c02613a8f8f58dc34312cd66891b19ed2521a6d89deaf5dc4'),
(22925, 'LIMA DA COSTA VAZ', 'GICILENE', 'E', 'S137598', 'gicilene.limadacostavaz@usmba.ac.ma', 'bedc8dac857125c53ce0aadfdeccbae42dfe784479dfeb10d9548835b836eb18'),
(23017, 'ATTARIK', 'TAOUFIK', 'E', 'CD195067', 'taoufik.attarik@usmba.ac.ma', '59062c7bdcdc32150d484d6e5e3da17280f5f97a4546874df22464d82aec43be'),
(23019, 'AYADI', 'ABDELHAK', 'E', 'CD590499', 'abdelhak.ayadi@usmba.ac.ma', '350942b86de6137fa396dbf663a73e74027028bc1fb50d5c7b5b275d15335c2d'),
(23050, 'BARBARA', 'HANANE', 'E', 'CD548524', 'hanane.barbara@usmba.ac.ma', '49eda2b28fd91d4e48c03dd82410ae8aa84a78c24ba72985a16bc5fba16f148d'),
(23092, 'BERGALLA', 'OUMAIMA', 'E', 'CD598948', 'oumaima.bergalla@usmba.ac.ma', '835997781077a205bd61a09c983ccb8e7c95aeb309b1efed91f7d52e20e4cd81'),
(23122, 'BOUHRIBA', 'MARIAM', 'E', 'CB301181', 'mariam.bouhriba@usmba.ac.ma', '38a678bab0fe5f365c2a8f0dbcfa5152c64d29591d7578d179b9352d3e677108'),
(23123, 'BOUIZGMA', 'ABDELLATIF', 'E', 'c952540', 'abdellatif.bouizgma@usmba.ac.ma', '5891ecb50d7d8aad77613b740dc3eca86703aa7c867d941eed3098866088903c'),
(23126, 'BOU-JEDDAINE', 'ZAKARIA', 'E', 'CN20226', 'zakaria.bou-jeddaine@usmba.ac.ma', 'ace4ba35cc54d84cd6497ac494282a5930b0bcaefb534a9c274fa44a3eb11ad1'),
(23162, 'CHATER', 'MOHAMED', 'E', 'CD638385', 'mohamed.chater@usmba.ac.ma', 'e981725f61297c4675111a1d1e50fba858854836ae19f8deec260c8fc19ff5da'),
(23167, 'CHEMSI', 'SIHAME', 'E', 'CD256617', 'sihame.chemsi@usmba.ac.ma', '83c71f77cf164ef91b135edf9d54039d849b1a0350b20c1493ee5e7f77df16c8'),
(23196, 'ECH-CHAHED', 'IMAD', 'E', 'CD622826', 'imad.ech-chahed@usmba.ac.ma', 'a39035668df6af7726d2ab8f397506479c8558f941ea7682b1e670dd9bca558b'),
(23199, 'ECH-CHOUIKY', 'MOHCINE', 'E', 'CD623274', 'mohcine.ech-chouiky@usmba.ac.ma', '8b7e169d8d8333a4f99c455c849400745f01868b419a9caef3338a8d83dcc830'),
(23250, 'EL BOUDI', 'YASSINE', 'E', 'ZT205973', 'yassine.elboudi@usmba.ac.ma', 'edd653e7a8f05a1c0006cd44901311d7f046a87972007e8d16fbfcc193dd7040'),
(23294, 'EL HMAMOUCHI', 'ISSAM', 'E', 'ZT204783', 'issam.elhmamouchi@usmba.ac.ma', 'e6e2a6468375599775bd3b688f0b8ec7ec614693c5cfc28bff07f2774d665ab9'),
(23424, 'EL-OUARDI', 'HAJAR', 'E', 'CD624299', 'hajar.el-ouardi@usmba.ac.ma', 'ae25375e0ceed0ce71651ded1f7f5eb67291d98ff42e7292790455d9d974c168'),
(23435, 'ENNADIR', 'MOUNYA', 'E', 'CB302129  ', 'mounya.ennadir@usmba.ac.ma', '94112bff870975a5be6f212f9bb4565f503179941dfdabd75893530e2d9c7ef7'),
(23495, 'FARIS', 'MOHAMED', 'E', 'CN5253', 'mohamed.faris@usmba.ac.ma', 'e9f5fc80a8a1b0ce2ff2dff3c4af4226d56864f5469ed3850cd6e5933956419b'),
(23578, 'JBILOU', 'YOUSSEF', 'E', 'Z566423', 'youssef.jbilou@usmba.ac.ma', '8ae9d3157be0a10e6546049d43d7963832dabc920197953fa115e1733354a592'),
(23603, 'KHALOUF', 'ABDERRAFIE', 'E', 'ZT193102', 'abderrafie.khalouf@usmba.ac.ma', '6fcae7b80a752613812c89ceaffdb240dd3ddde536ed96861efec72c7fd81abb'),
(23606, 'KHARCHACHI', 'CHAYMAE', 'E', 'CD586008', 'chaymae.kharchachi@usmba.ac.ma', '4f17fe4791fc9888931cff15ae5946c3a315a32bc2a84b74f338d40c61113f26'),
(23607, 'KHARRIBOU', 'HATIM', 'E', 'CD486682', 'hatim.kharribou@usmba.ac.ma', 'd808548548e03f44dc8781db6ebfd1e25532c7950c2191fd7a131e69f1d6a35b'),
(23609, 'KHAYATI', 'IHABE', 'E', 'CD596861', 'ihabe.khayati@usmba.ac.ma', '8f44ea096b86721a405e78c6860329961c4f9b3900d1c94befa5cc1db99dc438'),
(23610, 'KHENNOU', 'AHMED', 'E', 'CD485968', 'ahmed.khennou@usmba.ac.ma', '7ba41a93bee261b144bc3069fe02dd1847ae98dc64a2931e7756c2baff96e43c'),
(23860, 'TAIBI', 'MOURAD', 'E', 'CD624500', 'mourad.taibi@usmba.ac.ma', 'ee7eb5d1718d07f99f7f0399f0171cf6a4f5c5d84d14462466edf72ac3f80abf'),
(24021, 'TAOUDI', 'IMAD', 'E', 'CB272727', 'imad.taoudi@usmba.ac.ma', '8dc586439fea54c6c5c8d0a87c464613b9a9c05f0c92325e1a6c55b3dfa94d11'),
(24058, 'ELHARRAMI', 'RAHMA', 'E', 'CD292755', 'rahma.elharrami@usmba.ac.ma', 'ce45d760f035e75eb23e62f99890d6ad2f1cb7e2306b8e860dde44076209b9be'),
(24099, 'TYACH', 'AYOUB', 'E', 'CD549249', 'ayoub.tyach@usmba.ac.ma', 'f99b4b80ed5aedd40bed6d2e861304325134187daaec02e7456e9c257b4043bb'),
(24104, 'BELAYACH', 'OTMANE', 'E', 'CD566870', 'otmane.belayach@usmba.ac.ma', '7e82fe945bbb72c1862cb2ae597ff0f6deabc82c9c76b0e02474087bd7b70daf'),
(24271, 'EL BASSRI', 'LATIFA', 'E', '184848', 'latifa.elbassri@usmba.ac.ma', '625b9db555434e4faf390cf8456ebf3fd1d145b12c8e8b23a307ccf6061975a1'),
(24289, 'CHARRAT', 'IMANE', 'E', 'ZT185199', 'imane.charrat@usmba.ac.ma', 'a7b889285af06aed1f86b5a89a6d23698e60326658eeebcc5b32f72f7ce08866'),
(24484, 'ASSOUIK', 'CHAYMAE', 'E', 'CD255511', 'chaymae.assouik@usmba.ac.ma', '6bc0ba058df5aea06f2a9037930765081eb1456556b96d32fd59736c72dad377'),
(24657, 'JAYAT', 'CHAYMAE', 'E', 'ZT215014', 'chaymae.jayat@usmba.ac.ma', 'd93c1f0d401dc9f1396dd69bcd9330287ac6245926c36e0b83df8200911d6223'),
(24684, 'EL MOUGHIR', 'HANAE', 'E', 'Zt187034', 'hanae.elmoughir@usmba.ac.ma', '25dd171335a3879bb79a79fc063f62b3a3b129a1d20e39fb21a03a8754bb8a21'),
(24697, 'TAMOUH', 'MOHAMMED', 'E', 'CD290147', 'mohammed.tamouh@usmba.ac.ma', '6e71b35acb0974c0e1565ecee7aa1c56af0954fa323eafe49415005b4287e6b8'),
(24858, 'TAMIMI', 'IMANE', 'E', 'CD197811', 'imane.tamimi@usmba.ac.ma', '58501f4eee8bbaa7a6063c547e1dd8569dde55f76b00696d5926378e319df434'),
(24866, 'TAMIMI', 'HOUDA', 'E', 'Zt115161', 'houda.tamimi@usmba.ac.ma', '0d13e88d5781f08732ef0fc91529f0ae07f76faec3ace75c6698a78dd46cf6b7'),
(24929, 'DOURGUA', 'FARAH', 'E', 'ZT215971', 'farah.dourgua@usmba.ac.ma', 'e6c7fb988199efbbf0e92e15161911cccecb62bf38676cde14c53bffcbae067b'),
(24954, 'CHEHOUN', 'MERYEME', 'E', 'CD587683', 'meryeme.chehoun@usmba.ac.ma', '976e43ae22a683aa0c24948e8454f032d52165731a96836fac59b89748ead8f7'),
(24963, 'EL MIMOUNI', 'YOUSSRA', 'E', 'CD282960', 'youssra.elmimouni@usmba.ac.ma', '4e9182c8ecf835caa889cc90da64932be5e64dc16236afa3118eefb5b4385099'),
(24970, 'EL-HARCHALI', 'SABIRINE', 'E', 'ZT208081', 'sabirine.el-harchali@usmba.ac.ma', 'cb540ed0ac5153cf931b59bfc27ec132737ef475e1ebfc9dae900630705cd5a1'),
(24986, 'KHOUIDER', 'KENZA', 'E', 'CD621131', 'kenza.khouider@usmba.ac.ma', '561307af450eb571122fa80d12ab98fe4e55b469a2391462894d296ea45525b3'),
(25110, 'BOUJRAINE', 'KANZA', 'E', '1412751491', 'kanza.boujraine@usmba.ac.ma', '5adc1bc892ab6cd297379756d620b28fd7c2346dcc86378b961a62ab6f4bec6d'),
(25589, 'FILALI SABER', 'AHLAM', 'E', 'CD527498', 'ahlam.filalisaber@usmba.ac.ma', '9f6556da102992eec4bcc8904e642e740409195c43815e5c8d5cf80da5918833'),
(25717, 'ARTIB', 'BADR', 'E', 'CB312524', 'badr.artib@usmba.ac.ma', 'daefb5ec24850f7b03580ba1b2d491f7d33e7aafc223243f2554a55d2cd63255'),
(25719, 'ASRIH', 'ANISSA', 'E', 'Cb314507', 'anissa.asrih@usmba.ac.ma', 'e3b97d91b0f3d641af90b6df1049dbb9944029594298efc315647954b1694c6d'),
(25724, 'ATIF', 'morad', 'E', 'ZT218493', 'morad.atif@usmba.ac.ma', '98d3a3c30a280154156cc501d5f19236996ad021f7f933a7784e6df7a46406fe'),
(25908, 'BERAIDA', 'HAJAR', 'E', 'CD587725', 'hajar.beraida@usmba.ac.ma', 'd0eb7e3f2b003542186412b0f565ba126fbaba635ecac9e823bf3ae6bd27a74e'),
(25916, 'BERRAHO', 'FATIMA ZAHRAE', 'E', 'CD691986', 'fatimazahrae.berraho@usmba.ac.ma', '18d6d7b1b245a807b2f9bd07a669d7a28a91126eef972b778713672d76f9a5d8'),
(25917, 'BERRAOUI', 'EL MAHDI', 'E', 'CB312576', 'elmahdi.berraoui@usmba.ac.ma', '575924c4723b455d9035c556ec0430ca16cbd60482c4c0e8a3adcfff09ac120d'),
(25918, 'BERREIDECHE', 'MOHAMMED', 'E', 'cd295014', 'mohammed.berreideche@usmba.ac.ma', '72dad6c1b047989a8fba75a80b3dbd9885a7f9ca82f95ed48cf2b97022412c81'),
(25928, 'BOUABID', 'GHITA', 'E', 'CB304311', 'ghita.bouabid@usmba.ac.ma', '56ac660318d2b282fb3c4c2dad1001d9708fb746c3c6673ce71494f7e7c78b81'),
(25989, 'BOUKHARI', 'RANIA', 'E', 'CD264589', 'rania.boukhari@usmba.ac.ma', '3937f599968ed50d4019ad6bf5f9a84d2f4d5d917be72851cc4af0a51e958223'),
(25990, 'BOUKHERSA', 'ABD ERRAHIM', 'E', 'CN21218', 'abderrahim.boukhersa@usmba.ac.ma', '87455413264e58cc58102a37ade40db0ba6fa57ee7fc9073c4dd23914b91c086'),
(25991, 'BOUKHOLLA', 'YOUSSEF', 'E', 'ZT238108', 'youssef.boukholla@usmba.ac.ma', 'ba783f3d17259c9f4fcdb80096538088a73af3d1070ccb36dfcdfb14ab6ad8e6'),
(26080, 'ECH-CHAKERY', 'IBTISSAM', 'E', 'CD295686', 'ibtissam.ech-chakery@usmba.ac.ma', 'a0d86eba1349b088086490669075bce941203e8d119ec1627a38238557a5c66d'),
(26092, 'CHATER', 'SALMA', 'E', 'CD652965', 'salma.chater@usmba.ac.ma', 'a4a73a28769513c9da17501b4a87961946b43bcc447dd2ee46fa8f2d26fcbe89'),
(26095, 'CHEHBI', 'HAMZA', 'E', 'CD587111', 'hamza.chehbi@usmba.ac.ma', '5a409922edd534e93033e1e6b023997a321ddb35c4a593d69aef7516a01add18'),
(26100, 'CHEKROUNI', 'MOHAMMED', 'E', 'CD528296', 'mohammed.chekrouni@usmba.ac.ma', '1a6b18f23367c6fb9d8357cd340abd70a6a7d836fce89f04b8fb88805ab8afe7'),
(26173, 'DRAISA', 'SOUKAYNA', 'E', 'CD568055', 'soukayna.draisa@usmba.ac.ma', '5675aec6eb9a1959caa58ae40cebefeefec46e745dcf3a1682370f51d704e9ef'),
(26174, 'DRAJOU', 'YOUSSRA', 'E', 'CD690715', 'youssra.drajou@usmba.ac.ma', '5b9c803e7c7721974ad009f6b7ab57f6a28959e774922e6b4471ca46ec0cccdb'),
(26178, 'DRISSI', 'ILHAM', 'E', 'CN25392', 'ilham.drissi@usmba.ac.ma', '4a0b9badac6921fc7e9a8eba652a340b92b0b3ea9f57f44fd1e7ad3195583460'),
(26179, 'DRISSI', 'IMANE', 'E', 'CN28268', 'imane.drissi@usmba.ac.ma', 'dbce3be71ccea1c1b80f7e2a89dee2baa945b70c6f5580f6e510455598c6b0f7'),
(26182, 'DYOUBA', 'ADIL', 'E', 'CD295161', 'adil.dyouba@usmba.ac.ma', '7df2f135748646b26534955094c59cb685c3e8ea492da7f87679411fcb1c8f8b'),
(26187, 'ECH- CHARFY', 'NAZHA', 'E', 'CN27433', 'nazha.ech-charfy@usmba.ac.ma', '984dc7e634a733c7cfa8cca125178d0251889af190dc4c3317e5a989248fa91e'),
(26188, 'ECH -CHEIKH', 'ABDENNASSAR', 'E', 'CD638883', 'abdennassar.ech-cheikh@usmba.ac.ma', 'abd0ce854c82950b2d0784182019c114605be46cf566f2e03ad4448da7a8abc8'),
(26191, 'ECH- CHIGUER', 'HAFID', 'E', 'ZT223769', 'hafid.ech-chiguer@usmba.ac.ma', 'af9121de13a8bc89a584000e9fa56bcbfc8c30235e9109ca19c93a9bac170a73'),
(26311, 'EL BANNE', 'HANAE', 'E', 'Zt243145', 'hanae.elbanne@usmba.ac.ma', 'dbc5aed4c448673d8c5324d8267eb37fac829ee0db648ef70d3e11d820d00b71'),
(26323, 'EL BENAISSI EL HOUSSAINI', 'KARIM', 'E', 'CD720146', 'karim.elbenaissielhoussaini@usmba.ac.ma', '9ccec49025feac9a70a39c68f299a347c1a3afab20ea41031194df382f7613ca'),
(26335, 'EL BOUCHRIFI', 'EZZAHRA', 'E', 'CN27028', 'ezzahra.elbouchrifi@usmba.ac.ma', '7fda9f48b5d9ce90f43c5de3ea060aa5c006a30e79ed4ea5d36565ee5a2bb0df'),
(26422, 'ELHAMMOUMI', 'ZINEB', 'E', 'CD625851', 'zineb.elhammoumi@usmba.ac.ma', '4d780b9c2d46520424e7ff2dc4203cc3af2b9d91dc746a12b34c21745f3e6972'),
(26446, 'EL HBAYLI', 'MOUNTASSIR', 'E', 'ZT222125', 'mountassir.elhbayli@usmba.ac.ma', '1d7ef9936076107f9045f231d1e2fe490e0811c6e6a987fde1e2c0df58bcbb04'),
(26448, 'EL HILALI', 'SAID', 'E', 'CD264608', 'said.elhilali@usmba.ac.ma', 'd38d7ee260e12eded2a6f5cb43c6da101122e5a479a4863949a663b1ac55d0ab'),
(26567, 'EL MKILECH', 'LAYLA', 'E', 'CD590996', 'layla.elmkilech@usmba.ac.ma', '3c4df141f3a4cc139794ccc6b13d21e742f904b94c777224a6abf6f158d4f1a4'),
(26570, 'EL MOHRY', 'MOHAMED', 'E', 'ZT196631', 'mohamed.elmohry@usmba.ac.ma', '1431a605f00a87e256073f5867727ac908df4ca657526a4fc2159a6476e2180a'),
(26572, 'EL MORDI', 'YASSINE', 'E', 'CD264574', 'yassine.elmordi@usmba.ac.ma', 'a0611ca0ff09afb687732345a3586fb07678ad7bc882379ee6c73a037f6f4044'),
(26574, 'EL MOUAFFAK', 'HANANE', 'E', 'CN24653', 'hanane.elmouaffak@usmba.ac.ma', '3a92285515b6bcdaabfa5fad5bd0255fe934aeed4a96c6dd15bb9972b91503f0'),
(26576, 'EL MOUDNI', 'ITAB', 'E', 'CD282598', 'itab.elmoudni@usmba.ac.ma', '6d4039edd6d0ee40eb70a27118fb8e14b9b94bd9bd94197b0f559b70e9024961'),
(26578, 'EL MOUHAJIR', 'CHAIMAE', 'E', 'CD547906', 'chaimae.elmouhajir@usmba.ac.ma', '70bcfd149c5bcef4eabaf5f3a2d09f58d7591547bc814e9ea2aa83195bcd5d88'),
(26673, 'EL BOUAZATI', 'LAILA', 'E', 'CD559050', 'laila.elbouazati@usmba.ac.ma', '369b0a3e0f7bb1896dcc390866da28f09591ae8c32e6a5fdef0d62f100a21f2e'),
(26690, 'ELHATTAB', 'MAHDI', 'E', 'CD272631', 'mahdi.elhattab@usmba.ac.ma', '970105664443a94ea7c56664a0e89a60f2fc9e43644223dbdb9d23e9190f6adc'),
(26713, 'ELMOURABET', 'FARAH', 'E', 'CD569718', 'farah.elmourabet@usmba.ac.ma', '8dac3c88665c79e86aa5a728a98ca8cccaac08dcba72fff29c54c3e658891e6c'),
(26715, 'ELMOUSSAOUI', 'MOHAMMED', 'E', 'CD562415', 'mohammed.elmoussaoui@usmba.ac.ma', '6b1d3ef50b7bce26b8d891b2449f9bf808a454cc012b979bfba075f18d2f2304'),
(26866, 'FATTAH', 'ABDERRAHMANE', 'E', 'CB297021', 'abderrahmane.fattah@usmba.ac.ma', '886e908f4e0882af80d62c629968103312f5ba5da332bca50c201b971fddcb4c'),
(26942, 'HAMAN', 'FATIMA ZOHRA', 'E', 'CD483421', 'fatimazohra.haman@usmba.ac.ma', '9a84ae9b1811b9195284cdc9336b8c59ab28d01461d9095e468d46485011f2c2'),
(26953, 'HAMMANI', 'MARYEM', 'E', 'CN23089', 'maryem.hammani@usmba.ac.ma', '960d0979744ff3eac742fa6508fcfb20c372b842a24d5697469616e4950da0e9'),
(27064, 'JAMIL', 'CHAIMAE', 'E', 'CD282884', 'chaimae.jamil@usmba.ac.ma', 'c6d1157812e88a591576aecb272ede548d125bbffe4e0bae5a5aae4918f2f80e'),
(27145, 'KHAIFALLAH', 'JAMILA', 'E', 'CB312998', 'jamila.khaifallah@usmba.ac.ma', 'bc77ee01110d6e76ed1a87b6ec0eaecd36b8d326f9c3e70f6634cf2def9ff619'),
(27172, 'KIBOUR', 'KHATIMA', 'E', 'CD681136', 'khatima.kibour@usmba.ac.ma', '48c4f7bede0d98d99d570a2ca2e817b6b74c6fcf0be13d30a2365ca7a8b110ef'),
(27176, 'KOBBI', 'HALIMA', 'E', 'CD258616', 'halima.kobbi@usmba.ac.ma', '2aa7b8c9637871aff93e6b03df14fde669cfb61c601d6481f948fd04b37156ed'),
(27285, 'LAZMI', 'MOHAMED', 'E', 'ZT236033', 'mohamed.lazmi@usmba.ac.ma', '1085326298e743b7a3cabaf96db1341cf27582ba82c952477a228825c91d24c2'),
(27290, 'LEGURINI', 'HAMID', 'E', 'CD295867', 'hamid.legurini@usmba.ac.ma', '022d9ce91453e8c53d7b1572074af7bad9feb99db38c51d96ee00d797b121e4d'),
(27291, 'LEMKHYAR', 'HANANE', 'E', 'Z596661', 'hanane.lemkhyar@usmba.ac.ma', 'cb35a871540304807b56e2d495c070db7b7fb3e1a419fff7d702dec5d208bc3c'),
(27448, 'ASFOURI', 'MOUHCINE', 'E', 'CD680099', 'mouhcine.asfouri@usmba.ac.ma', 'f6f6806d902a72732f7d734396034faa8a429d8f2e98e920a69f41a24ec4a81a'),
(27748, 'SIAD', 'OUMAIMA', 'E', 'GJ47692', 'oumaima.siad@usmba.ac.ma', 'e564505a105ac6d95f70ec8994b1a6468b79f00f1bfcbf2ed6a05c4cbb4a75bb'),
(27763, 'SOUBAI', 'LATIFA', 'E', 'Pb303972', 'latifa.soubai@usmba.ac.ma', 'de9c14c000c62ea23b39a8b22acc62f59bc13adf363de495b168007422492fd9'),
(27774, 'TABBAI', 'NOUHAYLA', 'E', 'CD271906', 'nouhayla.tabbai@usmba.ac.ma', '6838501ca2cefa7bb6914fd0f8bc3b8a3fbc4da2084b716c894bdd043f717420'),
(27781, 'TAGHZIZE', 'IBRAHIM', 'E', 'CB311938', 'ibrahim.taghzize@usmba.ac.ma', '4b7e2de0ad9235124926b139687d0a9d96e7e931e74b5a5676009f0b19a8445f'),
(27782, 'TAGMOUTI', 'GHITA', 'E', 'CD488804', 'ghita.tagmouti@usmba.ac.ma', 'aa30a00e957549cf91373d36f5850a5e516600e1f75b33b311dab1f880b53744'),
(27783, 'TAGNAOUTI', 'GHITA', 'E', 'CD568123', 'ghita.tagnaouti@usmba.ac.ma', 'b444d39f7844b19297c0832480afd0a407f99bd0b27632e4ea48b00ff98e0166'),
(27786, 'TAHIRI', 'AISSAM', 'E', 'CN29489', 'aissam.tahiri@usmba.ac.ma', 'e7c7f8b0f68aaa711fa09a24ee1de3e91dd196e927b8db4cd99417055d9ea0f5'),
(27787, 'TAHMOUN', 'YASSINE', 'E', 'cd253069', 'yassine.tahmoun@usmba.ac.ma', 'fcc9e535f219f804da9b6822ff072d04b7aa27bf57aa0a3cdc38ac5b2f72fa3d'),
(27791, 'TAIMI', 'SALMA', 'E', 'CD529443', 'salma.taimi@usmba.ac.ma', '35483297ef0a78428b159db6128c2316d0b90e51bb31bc68bde50a803e96f224'),
(27837, 'TOUZANI', 'MOHAMMED SALAH', 'E', 'ZT223485', 'mohammedsalah.touzani@usmba.ac.ma', 'ab1e19316426e477f63485140750718d18ce258d6c859135ea7fbaabc64a861d'),
(27844, 'YACHOU', 'FATIMA EZ ZAHRAE', 'E', 'CD251798', 'fatimaezzahrae.yachou@usmba.ac.ma', '641b8a00ab4ab45704de867e82b0ff2eaf7adfed6122e05c6d29600dcbca2d2d'),
(27959, 'EL BOUACHRI', 'SOUAD', 'E', 'Zt234123', 'souad.elbouachri@usmba.ac.ma', 'e9d5b4533480c23b4499bbaf1475bf3aee84488b64b39d8e146b5a37413072f4'),
(28032, 'TADLAOUI HABIBI', 'OUMAYMA', 'E', 'CD529188', 'oumayma.tadlaouihabibi@usmba.ac.ma', '76d78ce9db8aa1edac9d5513b78e38c0f591e55598041dc46b2eddef4d1ca756'),
(28050, 'ASEKO AKARA', 'FERNANDO  NSONO', 'E', 'F0003844', 'fernandonsono.asekoakara@usmba.ac.ma', '046ae2acef27d59b4c0c70d8607e7685145dd6bbe309500b011117af4ff558ca'),
(28081, 'TAMAI', 'AHMED', 'E', 'Z546535', 'ahmed.tamai@usmba.ac.ma', '0466fc3b4775df08c76b259c7dfc8e7bb9da46fc95acff0da2e053598d29ea8e'),
(28464, 'AYADI', 'FADWA', 'E', 'CD683264', 'fadwa.ayadi@usmba.ac.ma', '1e950313feb7c9435525eadd2c451ff4d328d7741526696ca668153658e49089'),
(28465, 'AYADI', 'ABDELHADI', 'E', 'CD741747', 'abdelhadi.ayadi@usmba.ac.ma', '627096fc03edc40788aae3c73abf69d0fe5ba44074d78feca2eff45c38d8ec12'),
(28466, 'AYOU', 'EL MAHDI', 'E', 'CD285971', 'elmahdi.ayou@usmba.ac.ma', 'a05fee7d631ea8d3a48da2d939001c6e4fdbab2395f1106f366a91f8b8ddace4'),
(28573, 'BERCHACH', 'OUAFAE', 'E', 'ZT254479', 'ouafae.berchach@usmba.ac.ma', '77336b1eda85ca4aae8ee1f37d84a90678b702b6e29c2122e6a12df8d680e3e7'),
(28576, 'BGIGHEL', 'AYOUB', 'E', 'CD691720', 'ayoub.bgighel@usmba.ac.ma', 'bf98f6b0d74b51ac82bc2caff320a076733e5990afef4ea6d41ee51ebcc6b4d5'),
(28579, 'BHILISSE', 'ZINEB', 'E', 'CD741848', 'zineb.bhilisse@usmba.ac.ma', 'adf61b457574bac8106f6566c1d0561ac551f295d5c74b9cf3021b2195a4f340'),
(28581, 'BITITE', 'SAMIR', 'E', 'CD684815', 'samir.bitite@usmba.ac.ma', '2de5e1dbcc31968fc6b8ea384a5af2dc151180da5e51fe5f59d8e34c89685df3'),
(28585, 'BOUABID', 'KHAOULA', 'E', 'CD588678', 'khaoula.bouabid@usmba.ac.ma', '91496f3ffbded7ab6a289b9206497cdf52f564f06f759c6a7cfc7b4c02fc0c87'),
(28587, 'BOUAICHA', 'CHAYMAE', 'E', 'CD721761', 'chaymae.bouaicha@usmba.ac.ma', '2e3802374549aa56f5b8f38e278d698aee5a4059c75f46f04783750827f6c5ee'),
(28589, 'BOUAIN', 'DOHA', 'E', 'CD692355', 'doha.bouain@usmba.ac.ma', 'bf00c5b84d17a7990ac21dea539dd0f78057c247f83f3601bb7215d785e4023e'),
(28630, 'BOUJENANE', 'FATIMA', 'E', 'CB314130', 'fatima.boujenane@usmba.ac.ma', '5ad091ad1b94a2d65309ecd345646bbcd69d275bd50c80f484c408409541574c'),
(28631, 'BOUKAA', 'HIND', 'E', 'CD588813', 'hind.boukaa@usmba.ac.ma', '6ccf262268d1663406de9f4c21961b006ca98d2b066f04940516f4f89137ec15'),
(28634, 'BOUKJIJ', 'KHAOULA', 'E', 'CD674241', 'khaoula.boukjij@usmba.ac.ma', '7243b5351b38e800601e56b904023f105a9287f51ada56c7fc60a52e5cb8b8e6'),
(28692, 'CHARAOUI', 'AHLAM', 'E', 'CB314645', 'ahlam.charaoui@usmba.ac.ma', 'cd5d0c8db074a84b454816b80f673270637f55b852aa48d5cd30d5f607c990e8'),
(28694, 'CHARRAT', 'KAOUTAR', 'E', 'ZT249037', 'kaoutar.charrat@usmba.ac.ma', 'd0789964324c5aef4f62688d730cb866c42026497917ac8ff42dd07fd19fa997'),
(28696, 'CHATER', 'RHITA', 'E', 'CD740074', 'rhita.chater@usmba.ac.ma', '4543183280e0154087b969d7b7c2d3e040ad3ddc4c2873d5d5b4cfd0eb2283b7'),
(28699, 'CHDID', 'FATIMA', 'E', 'CD663370', 'fatima.chdid@usmba.ac.ma', '6ca81400be8e87aac819920bd2c4576ca57fd0cb69e8cc634c742ea49d7704fc'),
(28705, 'CHENTOUF', 'SAID', 'E', 'CD588508', 'said.chentouf@usmba.ac.ma', 'd511088aff90486b4999dc1e4a2c4de4615651973552fe054a1b77f829f151cb'),
(28755, 'DRAOUI', 'SOUKAYNA', 'E', 'CB318044', 'soukayna.draoui@usmba.ac.ma', 'cd41262a2a0925a05e4e6135dcff2b2d4ee00a42e0ae703d3ad8ec049d997319'),
(28759, 'ECH CHAMMAKHY', 'HOUDA', 'E', 'CD588889', 'houda.echchammakhy@usmba.ac.ma', '3a17c84330488ef8a9cc5d80d1d688041d4468bbf5919cc2e237698fb24e09cd'),
(28820, 'EL BAKKALI', 'ABDELLATIF', 'E', 'ZT242006', 'abdellatif.elbakkali@usmba.ac.ma', '41aae77614be1a02c8c029fcf383701b15495dee4a723852864608b1eec5a4b5'),
(28825, 'EL BATEOUI', 'AYYOUB', 'E', 'ZT244362', 'ayyoub.elbateoui@usmba.ac.ma', '0f36c9b19c9e34166052e042688eac05f99984a89d24ac06fd4158021981014a'),
(28832, 'EL BOUAZZAOUY', 'RAJAE', 'E', 'CD751555', 'rajae.elbouazzaouy@usmba.ac.ma', 'c8924ac90d7a5838142c5b5bba34e040e130763f82a0a3410454b7524cbbcc55'),
(28887, 'ELHAMMDANI', 'Aimad', 'E', 'Z610311', 'aimad.elhammdani@usmba.ac.ma', '0a5819c21f61662015c2140db84b7a161459056c99d60e93130a8f791a4fd6ee'),
(28903, 'EL HAYANI', 'IMANE', 'E', 'CD298028', 'imane.elhayani@usmba.ac.ma', '2bf5a2d809d89d65b28fa1b09ede68b36d38fa3867eb1f748562516858b52b72'),
(28905, 'EL HIRI', 'KAOUTAR', 'E', 'CD652477', 'kaoutar.elhiri@usmba.ac.ma', '147e8cc6db481baaab39095da5446dd271dfea01ae8e1393e7e4d4b9ee2ef828'),
(28907, 'EL HMAMOUCHI', 'NADIR', 'E', 'ZT254423', 'nadir.elhmamouchi@usmba.ac.ma', '0cbeb1ff5121b17c094127d70361f1251fcb29a0a8ec2bdeb0e5fc6e091c7ba3'),
(28911, 'EL HOURCH', 'SAFAE', 'E', 'CD711746', 'safae.elhourch@usmba.ac.ma', '1cfea540b984d56f15c6ac52a75bb81af524838028d55fa5fee5dd18ee41a5bd'),
(28912, 'EL- HOURDE', 'FAIZA', 'E', 'CD296212', 'faiza.el-hourde@usmba.ac.ma', '7dde56fd87f8110ad36f187450f11e71018610c2dcd2e3d54c62983ea36b9212'),
(28999, 'EL MONTASSER', 'YOUSSEF', 'E', 'CD655942', 'youssef.elmontasser@usmba.ac.ma', '02a93401461a8ed37bf60b71d401b54d8ad192c527c1137cff89ee85aafd9100'),
(29002, 'EL MOUDNI', 'SIHAM', 'E', 'CD654381', 'siham.elmoudni@usmba.ac.ma', '26db04c84d4c8a8f23d041f4f7ad48bcecf04f1cd82f945ffc321bdbab1896e9'),
(29075, 'ELHAJI', 'YOUNES', 'E', 'CD673912', 'younes.elhaji@usmba.ac.ma', '3534414dae570237af47b41dd812aa049b94722a84f919fd426b0bf9b7559c75'),
(29077, 'EL-HAKKOUNY', 'OUSSAMA', 'E', 'CD672204', 'oussama.el-hakkouny@usmba.ac.ma', '4cb1aff1e87315f75dcda3ab9217a12860a254cda38c85005fac12e529b5dbcf'),
(29078, 'ELHAMDAOUI', 'MOSTAFA', 'E', 'CN28641', 'mostafa.elhamdaoui@usmba.ac.ma', '9449d5b947b2afe0998bdc19e2fa155d2c0b02972492acf2d99155b90bc4633e'),
(29082, 'ELHAYAME', 'HAYAT', 'E', 'CD588501', 'hayat.elhayame@usmba.ac.ma', '7435a7b538c45c74bd88937b99ae5f13243fd3ccde1fd849fd1bce8c5e28bd69'),
(29087, 'ELIBRAHIMI', 'AYOUB', 'E', 'ZT258499', 'ayoub.elibrahimi@usmba.ac.ma', 'b8e1e44e0ad4838743552eb169c6ec3730463dfd808ae10b639c9ea18379414f'),
(29112, 'EL-MOUMNI', 'YASSINE', 'E', 'ZT246462', 'yassine.el-moumni@usmba.ac.ma', '0ee88bd107cf7b165120cdf178f8eab43b0efb383bc7f62b204914892eb2d35e'),
(29114, 'EL-MOUSSAOUI', 'ISMAIL', 'E', 'CD549514', 'ismail.el-moussaoui@usmba.ac.ma', 'ad89ca2027b561e33709083f4b8df029549075735c9cd4c112b206d12fb3a41a'),
(29115, 'ELMOUSSAOUY', 'REDWANE', 'E', 'CD683537', 'redwane.elmoussaouy@usmba.ac.ma', '85f3f99771c1b2c7e977396110bf1f483517b6d2ebfece5979f20c7d3f999ff9'),
(29117, 'EL-OMMAL', 'OUIDAD', 'E', 'ZT248339', 'ouidad.el-ommal@usmba.ac.ma', '70f7e8e247478c5c14ff4a198721b3186ee4196c9348aefcc7f680bbe4c54cb9'),
(29210, 'FASSIH', 'NOUHAILA', 'E', 'CD674173', 'nouhaila.fassih@usmba.ac.ma', '66a9f29d0f2d5584d9fb634194426131a7f72072ab9a3d13bdf9c7ee52df13de'),
(29211, 'FATHI', 'OLAYA', 'E', 'CD693249', 'olaya.fathi@usmba.ac.ma', '0bae42773337b8f830cd353656ec2fbe7011535b452feb78e889c74c9b3160e8'),
(29212, 'FATTAH', 'SOUKAINA', 'E', 'CD684814', 'soukaina.fattah@usmba.ac.ma', '2f54eaffe07b9f8493b2d20ab3dd37fb24a382684c950fdd5870f329064248f7'),
(29213, 'FECHTALI', 'KHADIJA', 'E', 'CD263510', 'khadija.fechtali@usmba.ac.ma', '95c780c13053b75ae375bd8f77942cf38d5f9ccab95a0702a41b8fe1c5db7fff'),
(29215, 'FHASSA', 'YOUNESS', 'E', 'Zt218418', 'youness.fhassa@usmba.ac.ma', '84d4f89eb8cee520e5b6ca0e73232f04f229dfd26e5073744f96d0704badf4e0'),
(29218, 'FILALI', 'OUMAIMA', 'E', 'CD293914', 'oumaima.filali@usmba.ac.ma', '99e83fea5f9a89c03ce5f83ff8068972c7c8d802e0ce41574c83def2ecd2e937'),
(29268, 'HAMDAOUY', 'MBAREK', 'E', 'CN31712', 'mbarek.hamdaouy@usmba.ac.ma', 'd5f68935e5e1a52fb9ecdaa755d2ee17c1cbc012dab9a8791c315a2187c84d6d'),
(29332, 'JANATA', 'MONCIF', 'E', 'Zt258850', 'moncif.janata@usmba.ac.ma', '7f68fe24f455c0f61687b9857e58fc45f26b3a6adcd4520ca2ac8c8a7ee025f7'),
(29338, 'JANATI IDRISSI', 'GHITA', 'E', 'CD700925', 'ghita.janatiidrissi@usmba.ac.ma', 'a0f1c4f7ed1cb2d57c5da5a63523a5a7022b714c98e013d5fbe19eb97a00ef4e'),
(29340, 'JAOUDI', 'YOUSSEF', 'E', 'ZT258194', 'youssef.jaoudi@usmba.ac.ma', '717ec9513518381021a74b148385e4723a8bb74148c037018f3483d9fc5c2efb'),
(29376, 'KHADRAOUI', 'SALMA', 'E', 'P335740', 'salma.khadraoui@usmba.ac.ma', 'da7b40757c2c48a60142c34ba114561686fd271cd41b55473b37802c9b6694a4'),
(29382, 'KHALFAOUI', 'KENZA', 'E', 'CN33547', 'kenza.khalfaoui@usmba.ac.ma', 'bf570be87da051a511856508b04535bf9d341e97f07c7aad212174d87f842a14'),
(29384, 'KHALFOUNI', 'AHMED', 'E', 'ZT250240', 'ahmed.khalfouni@usmba.ac.ma', 'c152f9481c0f8ad26872edf1a12ce00bfcb77238081243dbcd2b64a4c486af8a'),
(29386, 'KHALOUF', 'ABDELHAY', 'E', 'ZT257015', 'abdelhay.khalouf@usmba.ac.ma', 'cc7476bf7fcde2597468101f1d1c8672054ebe95b8927dce84716035853465d4'),
(29389, 'KHANOUSSI', 'MOUAD', 'E', 'T278650', 'mouad.khanoussi@usmba.ac.ma', '8b8aeb19276dfed495f865832f5fa387c4478e777d5f61e021a82c2674684895'),
(29390, 'KHANTACHE', 'FATIMA ZAHRAE', 'E', 'CD684713', 'fatimazahrae.khantache@usmba.ac.ma', '822773b2d1d6cb4939b71d7b3e29b1dd97a005ef8ae6f67b5038887b3d60402c'),
(29393, 'KHAROUACH', 'OTMANE', 'E', 'CD672839', 'otmane.kharouach@usmba.ac.ma', 'fe22ffd021a9e179f1dd0b9ef5dc3dcf0db642165fecd9f0c480f688a0348ba6'),
(29397, 'KHOUIDI', 'BILAL', 'E', 'Zt262066', 'bilal.khouidi@usmba.ac.ma', '0a474b8202307112410ff0777edd07c1562d1e90be1ec0978ac1fcac41abd8ee'),
(29398, 'KHOULANI HASSANI', 'CHAIMAE', 'E', 'CD286490', 'chaimae.khoulanihassani@usmba.ac.ma', 'e21fe19a1e7d1eacd4cb5735c676891c83d183dc594efa93997cc196ec4909cc'),
(29403, 'KOBBI', 'HANAE', 'E', 'CD286228', 'hanae.kobbi@usmba.ac.ma', 'ab66ef1407923d57f2c3cd20d1d7f6830e61e2d032e954d1be96ceac57b62747'),
(29469, 'LBESSBASS', 'ABD ELALI', 'E', 'CD265802', 'abdelali.lbessbass@usmba.ac.ma', '43c384132fa5727e3e352a88ca6e6a2c235973789f910367e656c87dffe79266'),
(29471, 'LEBRIMCHI', 'FATIMA-ZOHRA', 'E', 'CB317025', 'fatima-zohra.lebrimchi@usmba.ac.ma', '83eb03155d4af8f359e8abb60c62885ad41ae1d99460e99a1711352d2d7eadc2'),
(29473, 'LEMSIDI', 'IBRAHIM', 'E', 'CD489393', 'ibrahim.lemsidi@usmba.ac.ma', '40452ba5f5d2665d1e64830db2e14cff077f8b609e941d01ab68ebd9f25c1e71'),
(29724, 'LEBRIHI', 'SOUKAINA', 'E', 'CD682955', 'soukaina.lebrihi@usmba.ac.ma', '0642c71a1deaeb50f4e1b7bdecf761c4ed0e355cceb093e2541fce1e91675fcc'),
(29728, 'SRISRA', 'MOHAMED', 'E', 'ZT254432', 'mohamed.srisra@usmba.ac.ma', 'd8232a8c87fc89a9d79ea5d92c95ef50e01d486d661f988a850ef619d3519fc8'),
(29730, 'STITOU', 'YAHYA', 'E', 'CD741357', 'yahya.stitou@usmba.ac.ma', 'dcdf7aa0e9f9cb25e4278a014d07e7d278fd03b12993f2c8dc39d78e0f430e4b'),
(29734, 'TAHAR', 'ABDELLAH', 'E', 'Cd674439', 'abdellah.tahar@usmba.ac.ma', 'ba4a00bc891e57968320b3b14ceedec4ba3e89cb87c2121f245e8f8b5c31004d'),
(29735, 'TALBI', 'AYOUB', 'E', 'CD588368', 'ayoub.talbi@usmba.ac.ma', '7878ee604f227ac97dac47182f670a2a545fd762686af752158e2139b022755f'),
(29737, 'TALBI', 'CHAYMAE', 'E', 'CN31427', 'chaymae.talbi@usmba.ac.ma', '4aff6bca9aa16b291eac611acc2161aaf74cfda24908b7af64f74b6f2bd30ee0'),
(29738, 'TALBI', 'FADOUA', 'E', 'CN317991', 'fadoua.talbi@usmba.ac.ma', '54187efb60a4678c54c87edb4ad9bec597b41b4186120c78547b1e63bddc90e9'),
(29739, 'TAMIMI', 'KAOUTHAR', 'E', 'ZT253613', 'kaouthar.tamimi@usmba.ac.ma', '16c173f655831b723bb75ec0a2087d151c9460d62a1f4071de27b96a874a9a78'),
(29740, 'TAMIMI', 'ABDELHAK', 'E', 'CD297046', 'abdelhak.tamimi@usmba.ac.ma', '7fed5fb8edcaf8887714403b63b9632a96bac1558aeec74b4f0b212f2e3373e7'),
(29741, 'TAOUFYQ', 'CHAYMAE', 'E', 'CD282470', 'chaymae.taoufyq@usmba.ac.ma', 'cb613fcb3c4662359a3e43276a2aeed2427942d97a7d4b0e3e89f9d1212ba2f0'),
(29742, 'TAOUSI', 'ILHAM', 'E', 'CN31787', 'ilham.taousi@usmba.ac.ma', 'ecc2b067af6e1b3871b5a8d821a31328f66d669ac740ac602809b3f45ec222c9'),
(29760, 'WARDI', 'EL MEHDI', 'E', 'CD693834', 'elmehdi.wardi@usmba.ac.ma', 'abea8a2e7f7a850ad912f2d7abb4af4f9c53e6bd57647de98231ef5844a6a5f4'),
(29761, 'WARI', 'OUSSAMA', 'E', 'CD673196', 'oussama.wari@usmba.ac.ma', '16d7282fb0bcdb83480afc3e95c4d8e6ee9d43c8457bf97b1de509f47f4b6580'),
(29763, 'YAHYA', 'ACHRAF', 'E', 'CD721354', 'achraf.yahya@usmba.ac.ma', 'e7fe06ebcb80daed25692b1c30ad56a222fe53c1a71b829215a9e8f73662b7b1'),
(29765, 'YAJIOUI', 'AHMED', 'E', 'CD740725', 'ahmed.yajioui@usmba.ac.ma', 'b4b96c99560556fa1bcc842f1d4d6e286cdc9971c1f77db8117a18f1cfa1e313'),
(29836, 'DRISSI', 'HAFSA', 'E', 'Z618234', 'hafsa.drissi@usmba.ac.ma', '171ccdc27451e780b7dadfb197f6c758788887d7c32d6176c936d77b5aade50a'),
(29854, 'KHECHCHAF', 'MOHAMMED', 'E', 'CB306752', 'mohammed.khechchaf@usmba.ac.ma', '92c87e71bee87e2c55f33badfa609bde182e3b15f833fc85273f43d76b12db4c'),
(29886, 'TRAORE', 'SEKOU', 'E', 'AA0037734', 'sekou.traore@usmba.ac.ma', '97dd70c46ad94ad5625406c1fa1c02b6a73a3bdf41392ea94edccd1534e78bc8'),
(29925, 'TANGARA', 'OUSMANE', 'E', 'AA0041313', 'ousmane.tangara@usmba.ac.ma', '0bc63f447265d4d4947ee9e0598dcdb458935e3e600baa50d06575b6f9f54b9a'),
(29970, 'KHARBOUCH', 'NAOUAR', 'E', 'CD598231', 'naouar.kharbouch@usmba.ac.ma', 'e77aa1b96f4a5c551786f71ffd35276c6cfeec994b1d2d3f13871c4ffdda3dbe'),
(29988, 'TRAORE', 'MORIBA M MORIBA', 'E', 'AA0049813', 'moribammoriba.traore@usmba.ac.ma', '70070a13d7c9ab4f00e45b93e6d7ea3e9939121c4c6f7012da2250d0eb6c3ec7'),
(30013, 'JAZON', 'NEPHNY', 'E', 'PP3643256', 'nephny.jazon@usmba.ac.ma', '9d4de05ace6e091d1eb1502fa746410b7c393302b420e4b7cf8529d424606ac5'),
(30025, 'LIWOKE LISUMBU', 'KEWOLY', 'E', 'OP0026472', 'kewoly.liwokelisumbu@usmba.ac.ma', 'b1406b304a77184b6b784c76ad9455b4eb093088975be31f9d9984286a877bdd'),
(30076, 'AYACHI', 'ABDELHAK', 'E', 'CD656855', 'abdelhak.ayachi@usmba.ac.ma', 'bc0ff0c7c5ad5260c894d42bb76e1c3aa1cab327e8022af2e62a65f60d4f39ac'),
(30111, 'BINAN', 'MOUNIA', 'E', 'ZT270325', 'mounia.binan@usmba.ac.ma', 'c34631945fdc0a7125735df04e71d69eec184836610299df13c5284f62d9731d'),
(30119, 'BOUKILI', 'MOHAMED', 'E', 'ZT260292', 'mohamed.boukili@usmba.ac.ma', 'f75117698e8a5ab7adf8e326c47f7ccf232a0db6a69f1b362a7fa12033862071'),
(30138, 'CHARAI', 'MOHAMED', 'E', 'ZT273219', 'mohamed.charai@usmba.ac.ma', '6a215369e039aa91adf8a6c44a543c9fdece6cf90171a585551779bf576ec31d'),
(30139, 'CHARFI', 'ABDERRAHIM', 'E', 'CN36739', 'abderrahim.charfi@usmba.ac.ma', '193e428112d324e6f315cd8a8799f990caba536ae7f28ac266e3015d0ad4c8bb'),
(30140, 'CHARKI', 'ABDELLAH', 'E', 'ZT238526', 'abdellah.charki@usmba.ac.ma', 'd39bd04d1e188fb7704755a78f2598d4a26ea0d189d5688cbf3a65a0d4c7446f'),
(30143, 'CHEHOUN', 'ABDERRAZAK', 'E', 'CD740891', 'abderrazak.chehoun@usmba.ac.ma', 'b7b748d8cac02a188baeb671a065607a1065a7755cb04b86184050014a574493'),
(30144, 'CHENIOUR', 'HANAN', 'E', 'GJ56915', 'hanan.cheniour@usmba.ac.ma', 'c59986567814f686396c1c071b4b8d141e246836e57131082a107cbfab125eab'),
(30189, 'EL BOUDI', 'MOHAMMED', 'E', 'RC30484', 'mohammed.elboudi@usmba.ac.ma', '50c0e6f8c05389fcfba4c5be4202e4a154aaddbe5cd45f5d5cf374c0e418e2d8'),
(30218, 'EL HAYAL', 'SOUMIA', 'E', 'CD298515', 'soumia.elhayal@usmba.ac.ma', '0a5a654994919e13850e6d88554b3bbec6d385af55b6ecdcd9c412022d0ff116'),
(30220, 'EL HILAL', 'MOHAMMED', 'E', 'CD288411', 'mohammed.elhilal@usmba.ac.ma', '701309d82b02f4780af2ddeaf374d8b3f61f8743927b5351e9004ea9add3ef90'),
(30221, 'EL HIRI', 'AMINE', 'E', 'ZT236876', 'amine.elhiri@usmba.ac.ma', '5657803382aa153dfc8d1b8a26e041567f39cfd10a9fdb27331fd23c7356e3ef'),
(30246, 'EL MOUEDDANE', 'SOUKAINA', 'E', 'ZT264768', 'soukaina.elmoueddane@usmba.ac.ma', '4c83285799bc67b71e07ba10163401014ec33b93305005817a56fa27d3d394f1'),
(30247, 'EL MOUFAOUED', 'YASSINE', 'E', 'CD663594', 'yassine.elmoufaoued@usmba.ac.ma', 'f2f4eb0c9bd8474e2cc7f9438616d647881184d54f467ed37817b2517f4c997f'),
(30248, 'EL MOUJAHID', 'OTHMANE', 'E', 'CD472591', 'othmane.elmoujahid@usmba.ac.ma', '082fbd001dce8f0b0820262853fdfd3539c76bba2998f439f35010d1fbd5357d'),
(30283, 'EL-HAMZAOUI', 'MOHAMED', 'E', 'ZT236212', 'mohamed.el-hamzaoui@usmba.ac.ma', 'acb5c247d8f5815ed1166981e3040d3784ef743e15bdc476951b2c74285bde4f'),
(30302, 'ELMOUSSAOUI', 'KHALID', 'E', 'CN36673', 'khalid.elmoussaoui@usmba.ac.ma', 'cc66d99b58e98aaec81542c84dc97d99eacccb5b9e166cae49b8ddacca481a74'),
(30306, 'EL-OUAZZANI', 'BTISSAM', 'E', 'ZT270730', 'btissam.el-ouazzani@usmba.ac.ma', 'ff1952f0553da714e85394bd6d12d7a79b46adee20f1ad63dfc116608be98cbf'),
(30307, 'EL-OUAZZANI', 'AMINA', 'E', 'ZT259657', 'amina.el-ouazzani@usmba.ac.ma', '048b53cf6be3b9dc7503e658abf7bde9db8e0136cfc4706d3e5f1d5a1cd7bad7'),
(30339, 'FATH ALLAH', 'CHAYMAE', 'E', 'CD657874', 'chaymae.fathallah@usmba.ac.ma', 'dc4edb0da85679e0afec5d9c3f112c2c47db53e230206389e170f007549d1382'),
(30340, 'EL MHAOUFAR', 'FATIMA EZZAHRAE', 'E', 'CD434720', 'fatimaezzahrae.elmhaoufar@usmba.ac.ma', 'ee44f8e96fa41a10d6b77996b0bdf7b7bf335c0e1b5f35dc58f53af97d8ee0f5'),
(30343, 'FEDIOUEL', 'HAJAR', 'E', 'KB185798', 'hajar.fediouel@usmba.ac.ma', 'c4898c21ef0eee8308c19673ba10950fbcdd432769ddadf93a957b3af81642fa'),
(30344, 'FILALI BEN ZARROU', 'DRISS', 'E', 'CD657428', 'driss.filalibenzarrou@usmba.ac.ma', '61c253044b930e94381aab75ad91dc3d5769c590a794ff905d1fbebfd364e5fb'),
(30357, 'HAMID ALLAH', 'ISMAIL', 'E', 'CN28534', 'ismail.hamidallah@usmba.ac.ma', '39f68f0dd11641e213d2e633b3a7a71215d44c9087f5f98d1ba98f25965119fe'),
(30358, 'HAMIDI', 'AHMED', 'E', 'CN32786', 'ahmed.hamidi@usmba.ac.ma', '28626b1df10c64809fc8186fb9e26cfceceed0d946568af63c9fc777f3ad3f1d'),
(30366, 'ELIDRISSI', 'HAYATE', 'E', 'CD683367', 'hayate.elidrissi@usmba.ac.ma', '1aa8fb523099ba950a7dab88834b4cc76788b23e260ed96ec751f25c237c8ed9'),
(30394, 'JAOUANE', 'MOURAD', 'E', 'CD433831', 'mourad.jaouane@usmba.ac.ma', '49b7e012a4579145d714c388f1e66d9f87d76d8b4a2f5ac0c047625351e66cfe'),
(30397, 'JAY MANSOURI', 'AMINA', 'E', 'ZT270589', 'amina.jaymansouri@usmba.ac.ma', 'd75ee1d79739a56c6b05e8fbef26ccca980f0b7e6f72938f3c0a3e06ad7c25d7'),
(30415, 'KHALLABI', 'OUSSAMA', 'E', 'ZT255373', 'oussama.khallabi@usmba.ac.ma', 'dd46d61cc0bff7ad8010946b9c4b26cb953b973b40be71102e0f27ae21d7593c'),
(30418, 'KHATTABI', 'OTHMANE', 'E', 'CD695549', 'othmane.khattabi@usmba.ac.ma', '60c1545f0f30f486453000e4d32eb0a4a100ddf5d1e5b85626651b6a1527d51b'),
(30419, 'KHLIL', 'OMAR', 'E', 'CD695076', 'omar.khlil@usmba.ac.ma', '221ad81071701004358c23b3b71ebf32a4238b8d073f402c9605d6215c11ee9a'),
(30448, 'LEMBARRAA', 'ADNANE', 'E', 'C548926', 'adnane.lembarraa@usmba.ac.ma', '76e0ab1a1bea4aba1376143a75816493879aeca36062c179288aca0458a93ee3'),
(30512, 'TAFRAOUT', 'OUSSAMA', 'E', 'Cb320650', 'oussama.tafraout@usmba.ac.ma', '5f898c7cc324fadc98572bbe14cfbdb98256fdd71755fa350045b1b1f966daa0'),
(30552, 'TAHIRI', 'YASSINE', 'E', 'CB323773', 'yassine.tahiri@usmba.ac.ma', '2c5a22dbacd89b41803e89f2124987c96bd4e7180e5ae5676509fce9202d41ce'),
(30553, 'TAHOUACH', 'OUMAYMA', 'E', 'CD387220', 'oumayma.tahouach@usmba.ac.ma', '7e1372ba52bb4dc689804070aa11c9ec36bc8dc1c09aae698fd9b6a93e6bc4a5'),
(30554, 'TAHRIOUI', 'OUAFAE', 'E', 'CD664852', 'ouafae.tahrioui@usmba.ac.ma', '6e8540903001dff82fb92b027c4790f6cc868f4a1eef7180f7c9eff552eb1665'),
(30555, 'TALBI', 'ALI', 'E', 'CN31695', 'ali.talbi@usmba.ac.ma', '7e0d9db6b4900bee2733ab99877f637a71a9a767e2bb95442fe59630a1c6268c'),
(30556, 'TALMANI', 'YOUSRA', 'E', 'CD742574', 'yousra.talmani@usmba.ac.ma', '455554e6d54bb13211c238daf3cf74a91cb928bb16fda8c0b8dff470552284f8'),
(30593, 'ATTER', 'ABDELAZIZ', 'E', 'CD285288', 'abdelaziz.atter@usmba.ac.ma', 'fb038f4f6585ddb67a0fe307acf0a0e66aa99ec86c6122666b4c805cb8213912'),
(30631, 'EL BANNA', 'FATIMA', 'E', 'ZT269546', 'fatima.elbanna@usmba.ac.ma', 'b69b7c223881eb30a878040a7d795c2d65340a39af5697ca74878e19e6856b2e'),
(30634, 'EL BARAKA', 'MOHAMMED', 'E', 'CD434840', 'mohammed.elbaraka@usmba.ac.ma', '322620b7de24ba632ef32b225700d4f3004de1c8411a2dc7c61c1ac0b16d09ba'),
(30635, 'EL BOUDI', 'OUMAIMA', 'E', 'CD742674', 'oumaima.elboudi@usmba.ac.ma', '563f2401a719686016e4a299bc1c52bfd2d9bd71c21443b4e6dda614903e4572'),
(30641, 'EL HAYANI', 'HAJAR', 'E', 'CD716894', 'hajar.elhayani@usmba.ac.ma', '91d65e0e594eacc19acea06baf9afc075d42e7b30d068eef767702cfe705bbcb'),
(30642, 'EL HLAISSI', 'HAJAR', 'E', 'CD656669', 'hajar.elhlaissi@usmba.ac.ma', '1538b7ed94aadf1c1bfa343f1691fcfec0dde9cba14f0c4849629e58ca75185d'),
(30674, 'HAMANI', 'FOUAD', 'E', 'C467432', 'fouad.hamani@usmba.ac.ma', '21c692644eaf72234dcd722a1c7efd2907259ff9197df6676da2eed06e1276e3'),
(30793, 'ARRAN', 'KARIMA', 'E', 'CD299573', 'karima.arran@usmba.ac.ma', '0c59900d917bbf6c98c25d150bf2e12ad73cfe45f75072a2de30134f269c5ec5'),
(30794, 'ASLAL', 'FATIMA ZAHRA', 'E', 'PA245992', 'fatimazahra.aslal@usmba.ac.ma', 'a70476b447f04ba6e04ed681e066af962a0526193c362edef5480ae510b8ba93'),
(30796, 'ASSEMAR', 'IMAD', 'E', 'Zt238936', 'imad.assemar@usmba.ac.ma', '8df8358a0de39bfaefb9626fda9c1dbde31f28296f20cca81b7de5de723bca1b'),
(30799, 'ATTEOUI', 'OUSSAMA', 'E', 'DJ38265', 'oussama.atteoui@usmba.ac.ma', '96b32348b66bc4d0f1a1623c1567f4d35ea1b08be0e65ae06fdbe839582d0a77'),
(30838, 'BHIHI', 'YOUSSRA', 'E', 'CD722922', 'youssra.bhihi@usmba.ac.ma', 'a7716a950e9298c1653d9dc119c7bbff8c4b1b6a044d2fa57cb45575260f58de'),
(30854, 'BOUKHRIS', 'YASSINE', 'E', 'CD674262', 'yassine.boukhris@usmba.ac.ma', 'aa2a3a6a043dcccdb9b38b015b899dbd86b3dc26f1f101c05b7aac68e58d67b4'),
(30855, 'BOUKHRIS', 'AYOUB', 'E', 'CD686006', 'ayoub.boukhris@usmba.ac.ma', '42a9abb90dfb49041f11396f38146835df9317f68dfa234416211333e9581569'),
(30900, 'CHARARA', 'HIND', 'E', 'CD723499', 'hind.charara@usmba.ac.ma', '505fc9185fe2338427b62a4deb458d0c23f63a3034a42b5235ec6d814e80912f'),
(30901, 'CHATER', 'YOUSSRA', 'E', 'CD715411', 'youssra.chater@usmba.ac.ma', '71a60238dce879748379dfbd2ede74266325b6044042a55ca8fcae561a10ccc0'),
(30902, 'CHEMLAL', 'KARIMA', 'E', 'Z627732', 'karima.chemlal@usmba.ac.ma', '63d2c043f771a4b9055d3985756331e517d6625b651291c93bb0a709d1d0614b'),
(30928, 'DRAJJOU', 'CHAIMAE', 'E', 'CD287730', 'chaimae.drajjou@usmba.ac.ma', '11ebe003e8bef2ed296056f174ab372b714368374965c0c384ccd2ce2792398b'),
(30931, 'ECH-CHAFFANI', 'ABDESSAMAD', 'E', 'CD266011', 'abdessamad.ech-chaffani@usmba.ac.ma', '58a64b618a30edc3ea9f23ae6e9f2e7c2798364a130cc1809df36cfc9d849c95'),
(31001, 'EL HAYYOUNI', 'NASIRA', 'E', 'CD674780', 'nasira.elhayyouni@usmba.ac.ma', '91aa86e9b6c5264ea57a8fa45cd67cee8f75e329862d24d11f0f3aa5fc43068f'),
(31002, 'EL HILALI', 'SOUHAYLA', 'E', 'CD298070', 'souhayla.elhilali@usmba.ac.ma', '6f2c4fed25a21e6d477d492bea9e1332e978aa893126087153ba63638091a142'),
(31005, 'EL HOUARY', 'RAJAE', 'E', 'CD695558', 'rajae.elhouary@usmba.ac.ma', '8c1d99c4e137a730399f6271a499a7bf51280a178085355babe8253d77df9964'),
(31006, 'EL HOUARY', 'FADOUA', 'E', 'Cd675575', 'fadoua.elhouary@usmba.ac.ma', '5706ecea0ffb6aadf70b85e92fa99ca72a813d2d72b309f7063a8ae56410057f'),
(31042, 'EL MOUFAREJ', 'BADIA', 'E', 'Zt270695', 'badia.elmoufarej@usmba.ac.ma', '8c2b7d62fb312d9dd8661e56621c89b3ae0b251c597a98d657a25134af588458'),
(31084, 'EL-HARCHALI', 'NAJIA', 'E', 'ZT268455', 'najia.el-harchali@usmba.ac.ma', '94f5d8923708c895e800845aada38722337f779613699df9b3286731dce01e29'),
(31085, 'EL-HASSOUNI', 'OTMANE', 'E', 'ZT271814', 'otmane.el-hassouni@usmba.ac.ma', '33fd06928ba4e80d81d938dfc753d5d7c98b955fab6d1699fdbad7f60bd758ab'),
(31086, 'ELIDRYSY', 'FATIMA-ZAHRA', 'E', 'CD675833', 'fatima-zahra.elidrysy@usmba.ac.ma', 'c010bd4d8c874af1365d77a32eb107f18ab24ca368ae22410282d5ab4bd2d205'),
(31101, 'EL-OUARDI', 'FADOUA', 'E', 'ZT245617', 'fadoua.el-ouardi@usmba.ac.ma', '3f43c831873c2bbc4700804e4daa8c2bf159ac245526aab58edd284810b7fae7'),
(31149, 'FATOUAKI', 'BOUTAYNA', 'E', 'ZT266842', 'boutayna.fatouaki@usmba.ac.ma', '2a91eab40468faa063cbcce1ea832e21b9ef7b184a05e393da6835755999f11e'),
(31150, 'FELLAH', 'MERIEM', 'E', 'CD692466', 'meriem.fellah@usmba.ac.ma', 'ee48f8226e7419de87bcca1212201f6fc95bef0fb1f0666c3d4cbda256be0332'),
(31151, 'FILALI', 'FADOUA', 'E', 'CD696064', 'fadoua.filali@usmba.ac.ma', 'b552f5a7f3bbf982f7cf2335f6b91758dd66f63450b57a9aba01ad4d69bb8486'),
(31153, 'FILALI OMARI', 'ZINEB', 'E', 'CD299819', 'zineb.filaliomari@usmba.ac.ma', '1b634a17e08a33ba83ee4a898d6dca95b7932c98a58d5710d277a80218078269'),
(31154, 'FIRA', 'KHAOULA', 'E', 'CD713555', 'khaoula.fira@usmba.ac.ma', '70cd65501db513770381dea57aecf313b5d7152b39de5c031321847fe2633c93'),
(31172, 'HALOUBI', 'BRAHIM', 'E', 'CD386915', 'brahim.haloubi@usmba.ac.ma', 'b4cf119c0a7e5cc6d6adc5abbc14ec793382b53d008975657d788ea7f72f3f01'),
(31173, 'HAMAMA', 'SOUHAYLA', 'E', 'Cb323422', 'souhayla.hamama@usmba.ac.ma', '4dc42f2fa9ec8a084454fdae92e4c01843af5a08f28702f33c044302b6a09b95'),
(31174, 'HAMDOUNE', 'FOUZIA', 'E', 'CD685238', 'fouzia.hamdoune@usmba.ac.ma', 'ca4a541aebd60cbf89f5a21b37eb739e526457bd24d4ab24b6dd99beffe13a54'),
(31175, 'HAMIDI', 'FATIMA', 'E', 'CN34998', 'fatima.hamidi@usmba.ac.ma', '0e61282436a4f30e14cd90f2a2e9f262e438bad9ba6c77149e92131d6a66d58d'),
(31211, 'JANATI', 'HAFSA', 'E', 'zt270585', 'hafsa.janati@usmba.ac.ma', 'fbf1d8d14457dbac97cd47515ead61cf4ccf8509ee1efc30d572a13c28c77a0e'),
(31213, 'JANATI IDRISSI', 'JAMILA', 'E', 'ZT270415', 'jamila.janatiidrissi@usmba.ac.ma', '77adbe0069b58a210d2aee8276e91674aa31cd4f8540a00aa0656bf96b647c2d'),
(31214, 'JARJINI', 'SAFAE', 'E', 'CD472039', 'safae.jarjini@usmba.ac.ma', '225ec817f66441dcfd2d63685258ae4c71ffa437493b99a77b13fda6780521bc'),
(31215, 'JARJOUR', 'MOHAMMED-AMINE', 'E', 'CB312756', 'mohammed-amine.jarjour@usmba.ac.ma', 'b68546df715b79d22da0467245bec17077ea8634b424532e1c763fd1dc62f2d3'),
(31233, 'EL-HAJJAMI', 'KHADIJA', 'E', 'CD716395', 'khadija.el-hajjami@usmba.ac.ma', '942a7fbf1cb453c61e7877562f1baf5cff0da3df50e2623a9d5b6de756f46c82'),
(31236, 'KHALDI', 'SALMA', 'E', 'CD643650', 'salma.khaldi@usmba.ac.ma', '6a48609fb2a890c7d1abe56f4441f94315454c68a36c8a95d5c058026518a063'),
(31242, 'KITOUNI', 'SOUKAYNA', 'E', 'CN36695', 'soukayna.kitouni@usmba.ac.ma', '952b07161935aced1248715c2b35a844cbcf05bc32bfd2cf3079d7a060d7576b'),
(31272, 'LEMSSAHLI', 'KAWTAR', 'E', 'CD716098', 'kawtar.lemssahli@usmba.ac.ma', '5199af724ea9a27390e629388464837372f6a1d6ba7252c50301913fd8b4e049'),
(31274, 'LHOUSNI', 'LAMYAE', 'E', 'CB318523', 'lamyae.lhousni@usmba.ac.ma', 'a86c8c4b829da9d8f8d0d514be482eecfb49985858314add6ea857e91e04f939'),
(31380, 'DRIOUECH', 'SALAH ED DINE', 'E', 'CD286628', 'salaheddine.driouech@usmba.ac.ma', '19efa89e675ae00f826cf2a674fc9169d2f11fd74a40390627805eefec8eb067'),
(31409, 'TAHIRI', 'MOHAMED', 'E', 'CD691678', 'mohamed.tahiri@usmba.ac.ma', '9ca1ae94b0e434af20e16b793fb924ae4805205380067e419b9d30ca4cb1e267'),
(31412, 'TAKIE', 'MAROUANE', 'E', 'CD266956', 'marouane.takie@usmba.ac.ma', 'cb087aa5fa9e5d1003608e46a1c336a490247d5d71537970687b9185c59f6cca'),
(31413, 'TALEB', 'SANAE', 'E', 'Z478801', 'sanae.taleb@usmba.ac.ma', '6869fcfd9ba524085e3f86a582d84e39e06c059331087e402be5feb105f8148a'),
(31427, 'TRIBAK', 'FATIMA ZOHRA', 'E', 'CD434519', 'fatimazohra.tribak@usmba.ac.ma', '60b10c98dcfc0d295451964daa8a13b7094f26b7a49427b8d5d3b2fe3400bf57'),
(31428, 'TRIKI', 'AMINA', 'E', 'Z604673', 'amina.triki@usmba.ac.ma', 'afd489c5f3d22303c698ddb6094b09c5f338fa7bdf0e9740b78295ddbc32656b'),
(31430, 'YAACOUBI', 'OUAFAA', 'E', 'CD702458', 'ouafaa.yaacoubi@usmba.ac.ma', 'ed19e7905fc5b838698dfb5f7ed38c8cab02ec926a4b667e7db1a700ea19d61c'),
(31431, 'YAAKOUBI', 'HAJAR', 'E', 'CD676449', 'hajar.yaakoubi@usmba.ac.ma', '937b6028b8051c04800d1062fccaa1a5985b030e299a089899fab4a8c57a2cc2'),
(31478, 'HAMIDI', 'KHADIJA', 'E', 'CD287883', 'khadija.hamidi@usmba.ac.ma', 'dfd295ece510d8286269a28c67341716460b970db1e74634ab5a6ae15ec69adc'),
(31479, 'HAMIDI', 'MOHCINE', 'E', 'CN35696', 'mohcine.hamidi@usmba.ac.ma', 'f8da14a5df284fb98b3feb41d984fae69e1275a7c91b94794f3ec5db938543b1'),
(31482, 'KHALLADI', 'SOUHAILA', 'E', 'ZT235653', 'souhaila.khalladi@usmba.ac.ma', 'f2e220c1f7a4a1cf08ee6dfda584fc9bbedb16836ebb492e262812a2da82fb79'),
(31484, 'KHICHA', 'WIAM', 'E', 'CD675996', 'wiam.khicha@usmba.ac.ma', 'd9774834fcea72ccbac982c0ea619e6656a91c4553da3c39fa6c9b1108ecadcc'),
(31517, 'EL-HASNAOUI', 'AYOUB', 'E', 'CB327822', 'ayoub.el-hasnaoui@usmba.ac.ma', '76e68df4a2fc50f6a01fc2882ae17faabc3eaaac7cc44ad08a6947e9a615e659'),
(31525, 'LAZRAK', 'MOHAMED', 'E', 'ZT263174', 'mohamed.lazrak@usmba.ac.ma', '8533b3c38989620c18670f45eb670d6db3fe8ef225f78979e7360e95f41b1ab2'),
(31526, 'LEMBARKY', 'SANAE', 'E', 'CN34970', 'sanae.lembarky@usmba.ac.ma', 'c6b149e4c5831ca1171eb9f6263f4d6bf83839c6e863e6632bfe5b6ab1fa9358'),
(31534, 'TAJMOUATI', 'ZINEB', 'E', 'CD713722', 'zineb.tajmouati@usmba.ac.ma', 'a22eefbfba2b8140dd153b8f65072a82ab2bde120e03a8d1f7eedc2c47d87117');
INSERT INTO `utilisateurs` (`code`, `nom`, `prenom`, `type`, `cin`, `email`, `hash`) VALUES
(31582, 'EL BAZ', 'ASMAE', 'E', 'CD702125', 'asmae.elbaz@usmba.ac.ma', 'f78c22df8c3bc8fdd9e827b5c5272dd407bc4b7cc9c241991d51962ddc5c6b79'),
(31600, 'EL-OGRI', 'OTHMANE', 'E', 'Zt238568', 'othmane.el-ogri@usmba.ac.ma', 'eb9d3f4e4475e75e5a6072466dad00986068b262b83ed883e2ba1e7cc682efbc'),
(31611, 'FARIH', 'ABDELMAJID', 'E', 'ZT267376', 'abdelmajid.farih@usmba.ac.ma', '98ac157e593988a28f0bd95ee0f0aca744a23d42b0f0f2efe7457a92a4ab2935'),
(31625, 'JANATI IDRISSI', 'ANASS', 'E', 'ZT248862', 'anass.janatiidrissi@usmba.ac.ma', '9cec097e690b672b56e131ff18af800e59acc18767ec06e9372146106d361261'),
(31627, 'JAYAT', 'MOHAMMED', 'E', 'CD266513', 'mohammed.jayat@usmba.ac.ma', 'eab7d31298b13b425b80cb0a60f7a24f684040206c26f4fb090192bb05695781'),
(31629, 'KHRIFI', 'AYYOUB', 'E', 'CD299747', 'ayyoub.khrifi@usmba.ac.ma', 'f88bcd8d4f86b35b5eb48bdb8f8e6deaf6cfc96784db2c5a0430783817ab7327'),
(31666, 'TAGNAOUTI MOUMNANI', 'YAZID', 'E', 'CD644221', 'yazid.tagnaoutimoumnani@usmba.ac.ma', 'b92787a9ff2f8ea197c01467edc832c74354d5c75b871e3f4ac718c6e581f989'),
(31667, 'TAJMOUATI', 'MOAD', 'E', 'CD690994', 'moad.tajmouati@usmba.ac.ma', '474f9b0a93d10e16f09035973e1f4ea5c1826b00d3f0b21dec0345f3fbe1a21d'),
(31692, 'BIKOUMOU  BANZOUZI', 'GRACE PHALEK', 'E', 'OA0215776', 'gracephalek.bikoumoubanzouzi@usmba.ac.ma', 'eaf32239d65264d95be5a46359a2f8ae7a6ebac2ee2a877820e24f097b0f6a9f'),
(31707, 'DOUMBIA', 'SEYDOU', 'E', 'AA0111466', 'seydou.doumbia@usmba.ac.ma', '38ed0c1f7a6208471d765a4d71f7a0bde41effa77682a123492d737c547fea59'),
(31713, 'KONDO', 'HAWA', 'E', 'AA0153150', 'hawa.kondo@usmba.ac.ma', '0636c328cf519f2f5c4cd35c4bf6276c5ec6d6d5ae56e0fc5b3018540affd35a'),
(31732, 'SYLLA', 'CHEIKHOUNA', 'E', 'AO1954603', 'cheikhouna.sylla@usmba.ac.ma', '1cc518633e673abf650b337e27a97af22a3e44e62c6b420c8a5b6d1d9b1a687d'),
(31736, 'TRAORE', 'FATOUMATA', 'E', 'AA0157364', 'fatoumata.traore@usmba.ac.ma', '49a906dd2eed16419a62f278ea9d46b66fa4164281b1d89c27778f5d96cfeada'),
(31894, 'DOUMBIA', 'MARIAM', 'E', 'AA0040785', 'mariam.doumbia@usmba.ac.ma', '9a779814adca70c628791e4d321098533c62c494c1949edae7d89f66c856a306'),
(31895, 'DRABO', 'ICHAKA', 'E', 'AA0112671', 'ichaka.drabo@usmba.ac.ma', 'b11343718df090fad86856ae0789e017b552cdcdc21dad6f3d362f7886e815e1'),
(31896, 'FOFANA', 'HAWA MAMOUDOU', 'E', 'AA0079106', 'hawamamoudou.fofana@usmba.ac.ma', 'deb5f5e4d4f31ac8e3e8ea4c2a96a2ae5420de332fad37cfbd04f798b2519ebc'),
(31918, 'TRAORE', 'NOURYA  SYLVIE', 'E', '17AL92417', 'nouryasylvie.traore@usmba.ac.ma', 'fcbdf4898dbf9321d97ffeff318a1955bc77f149296e4f73a683ab93941c41e3'),
(31936, 'TADJADINE  MAHAMAT', 'HAMID', 'E', 'R0312614', 'hamid.tadjadinemahamat@usmba.ac.ma', '5a758782d988001376c78785ffd79eedec14b5f1303edebcc169ab12436c4962'),
(32103, 'ASKHANCHAO', 'MOHAMED', 'E', 'CN33414', 'mohamed.askhanchao@usmba.ac.ma', '23ee63d71e2ca20b98d41a7c5dda382764278290171036e51e507903991549b0'),
(32105, 'ASRI', 'ETTEJANIA', 'E', 'CD287293', 'ettejania.asri@usmba.ac.ma', '38b7bf4cb4941117dac98f5c64cb91d0f599ef47f6b2042979830d1ab5251ce8'),
(32107, 'ASSIOUS', 'MERIAM', 'E', 'CD676521', 'meriam.assious@usmba.ac.ma', 'e72e7223cbb08621ed41c1b7b656fc92de7f9af045fa60682ea7a0aabb4e7bba'),
(32110, 'ATTAR', 'BOUTAYNA', 'E', 'CD436786', 'boutayna.attar@usmba.ac.ma', 'a9f4067c5874a90e7a403571cf977a3298ebfed0cc50d388d9be5102bbb84430'),
(32111, 'AYAD', 'KHADIJA', 'E', 'ID96723', 'khadija.ayad@usmba.ac.ma', 'c4332b98269bb873895afccd89c6a077f3187ff618274a05d7dcb020e36701a4'),
(32235, 'BENZIANE', 'FATIMA-ZAHRA', 'E', 'CN7543', 'fatima-zahra.benziane@usmba.ac.ma', 'c2b7c75265615a2bde514c1191698f79e8ac46059f0c3fd2c491882fe1d8f39b'),
(32238, 'BERDIL', 'FATINE', 'E', 'CD659152', 'fatine.berdil@usmba.ac.ma', 'ebc4c28a9a798038a14c21c1fac64bd701b62cc8e8841e3fbb6ddc50b5c2bd0a'),
(32243, 'BEYTOUR', 'SAFAE', 'E', 'CD288903', 'safae.beytour@usmba.ac.ma', '9b3955e36e6d06234677d6a37b40c790cfb9818f37e41c874d115f738cfb720b'),
(32244, 'BIAA', 'SOULAYMANE', 'E', 'CN38976', 'soulaymane.biaa@usmba.ac.ma', '74f93ed8372b1dd4ee57e3515b0a502d4fcb0cd5a70734ea9c2c5c58bb07fb24'),
(32245, 'BIHI', 'SALMA', 'E', 'CD627272', 'salma.bihi@usmba.ac.ma', '3f0b363e546107561b198d7d71624fd2cbf2808c90a6430f109ec8a2c33dd0cb'),
(32246, 'BILAL', 'ISMAIL', 'E', 'CD29323', 'ismail.bilal@usmba.ac.ma', '33124180413b618bc965edec4cda8f39b52fbf083e0fe84b19c734bcdb6259be'),
(32248, 'BITAQA', 'DOHA', 'E', 'CD696639', 'doha.bitaqa@usmba.ac.ma', '993ec69a655b36c6491a5a7ab44c142239e7d2805f33d6711c83b6e5f49b3b4b'),
(32254, 'BOUAIN', 'NOUHAYLA', 'E', 'CD696426', 'nouhayla.bouain@usmba.ac.ma', '7ce82b84a8888cf8e1a3b1ccced09ce9b2a78baa306970437dc71104808e8182'),
(32283, 'BOUHLAL', 'CHAYMAE', 'E', 'cd354361', 'chaymae.bouhlal@usmba.ac.ma', '047a7a114fe2900c43737d86f3d29865193f2f287f4db20fc379b26a27ab88a8'),
(32292, 'BOUJIDAH', 'SOUFYANE', 'E', 'CD685453', 'soufyane.boujidah@usmba.ac.ma', '94fa5b3ce59dc9b732b0f46ebbb1141a23396b49fb58d8a468170c30155e08f8'),
(32293, 'BOUJOUJ', 'SALMA', 'E', 'CD718718', 'salma.boujouj@usmba.ac.ma', '4abe67e68d4d4bbcfdce1869ea110d169c090df12e885e5a03ea6d27ed6578a1'),
(32296, 'BOUKALLABA', 'ABDELHAY', 'E', 'ZT285077', 'abdelhay.boukallaba@usmba.ac.ma', '2b2befe3db4123530f5b4cfe9ea7e7b015b04a62705be03710553b4e1de5d9f4'),
(32302, 'BOUKILI', 'ABDERAHIM', 'E', 'CD435987', 'abderahim.boukili@usmba.ac.ma', 'af3bad3fe87daa8a26153e5f8955838bcc7b6dbcd353a80e168759274cd58f09'),
(32384, 'CHARKAOUI', 'ABDELHAY', 'E', 'CD299662', 'abdelhay.charkaoui@usmba.ac.ma', '982ca68bcb030632db1fa65e5495e05a8e691805e7ab2160594cb6bdea653d3f'),
(32387, 'CHEDADI', 'ASMAE', 'E', 'CD677537', 'asmae.chedadi@usmba.ac.ma', '1e9ed4f789124cc4bed4dd5498e994d3b93643cbebce7b3e9af28fc63042a39a'),
(32389, 'CHEDDADI', 'ZAKARYA', 'E', 'zt281117', 'zakarya.cheddadi@usmba.ac.ma', 'c41b0b4601073980318ca69269ca734c7b0e9a8927823541668345ef571a7331'),
(32390, 'CHELKHA', 'ANWAR', 'E', 'ZT283932', 'anwar.chelkha@usmba.ac.ma', '8e86824845a75177739d49180509a8ebcc9e8f76deae602640fa0133eaa2f7ee'),
(32391, 'CHELLAK', 'MOHAMMED', 'E', 'K574548', 'mohammed.chellak@usmba.ac.ma', 'ca0ac631008cfadc7cab1db7319e599fa7305b7f93604dc8fd7e8d6c96846ad5'),
(32396, 'CHENTOUFI', 'FATIMA EZZAHRAE', 'E', 'CD461347', 'fatimaezzahrae.chentoufi@usmba.ac.ma', '6b4734eefe6b9aafc06072bb13fb6ead407433ab047a637d66465ffcdca14db6'),
(32454, 'DREYA', 'WAFAA', 'E', 'CD718687', 'wafaa.dreya@usmba.ac.ma', '6e1bbdff7a2cc2b04a4f6d3ee5ba20e79ccfd8f78c9bc55e4c2a923293783197'),
(32456, 'DRIMANI', 'OUSSAMA', 'E', 'CB310570', 'oussama.drimani@usmba.ac.ma', '169dd8e38b6fec619522302e83785f305cc6e36f57bccc173c06a10385d4ec65'),
(32463, 'ECHALH', 'OUMAIMA', 'E', 'CD296692', 'oumaima.echalh@usmba.ac.ma', 'd0552d5d2c37fe40ea4333edcd4fdb930073bbae84e5ca5a6bb1dab9e12dc8c1'),
(32562, 'EL BALDI', 'SABRIA', 'E', 'ZT284331', 'sabria.elbaldi@usmba.ac.ma', '33881f9b7e8d756fc89a9d00dfdad482205f1674823e38e7ccab93ae30261023'),
(32563, 'EL BANANE', 'WIAME', 'E', 'CD698302', 'wiame.elbanane@usmba.ac.ma', '410b6dd8ca01d7db23f6c0260da5e5318a157c355ef5e7a9d2d8855bed1bba2c'),
(32568, 'EL BERCH', 'SOUKAYNA', 'E', 'CD716590', 'soukayna.elberch@usmba.ac.ma', '2775266e3229504c2565b73e1525d019b40d12feb08bc3753a29d78306cee436'),
(32569, 'EL BOUABDELLAOUI', 'SAIDA', 'E', 'CD745041', 'saida.elbouabdellaoui@usmba.ac.ma', '49231bd8177f3e6ecb312dc5408c3774d338fea0a415a608862796bfaa909eb9'),
(32571, 'EL BOUCHEBTI', 'NAJOWA', 'E', 'CD745958', 'najowa.elbouchebti@usmba.ac.ma', 'fadadd7a9cd427e959f140df6ef98de85af9edf12a6327d9d43da83ba9ec0a02'),
(32669, 'EL HASSOUNI', 'IKRAM', 'E', 'CD703017', 'ikram.elhassouni@usmba.ac.ma', '453dd2aca00452624119d1da18a726471894854ed5337d50a4243bcc1b12ccd6'),
(32670, 'EL HAYANI', 'ADIL', 'E', 'CD689137', 'adil.elhayani@usmba.ac.ma', '9834edef52c3fde66fec6200925b3f627599b34ff17329f59ec0fd6fcb44c951'),
(32671, 'EL HAYOUNE', 'ZINEB', 'E', 'CD664319', 'zineb.elhayoune@usmba.ac.ma', 'a48fd163ee04e8b2a330ecd2a7be9875b240ecf7784c546367bb13eb7a6e8034'),
(32673, 'EL HILALI', 'FATIMA ZOHRA', 'E', 'CD703010', 'fatimazohra.elhilali@usmba.ac.ma', '6395ac73563fb7c547fc5c737357e9b795647a5260ea68226fc74868af9ae0f4'),
(32675, 'EL HIYANI', 'NOUREDDINE', 'E', 'CD437079', 'noureddine.elhiyani@usmba.ac.ma', '3edc5064e33116ac048f29fa3f53d49c996c994f27cf7b0c03a64deb60a1c16a'),
(32757, 'EL MESOUDY', 'IKRAM', 'E', 'CD437253', 'ikram.elmesoudy@usmba.ac.ma', 'a0d76ec216bb4200feaf52d10d42cd0e3ef7cac24bed493f888835a0c92955d8'),
(32758, 'EL MESSAOUDI', 'ANASS', 'E', 'CD742980', 'anass.elmessaoudi@usmba.ac.ma', 'acde708104945a3c6d910ae3649021a63ce8f23490e7c19f756468fb4b9cac71'),
(32759, 'EL MGHARI', 'FARAH', 'E', 'CD436193', 'farah.elmghari@usmba.ac.ma', 'a73f4cbc0e60c27994c03d14b1362df98d501c9c59de9f810aad947f45b9e751'),
(32879, 'ELHAJOUI', 'NAJLAE', 'E', 'CD388321', 'najlae.elhajoui@usmba.ac.ma', '418d7fe9e2226b87ff3cf5107f1a6e7c9b8dfc9f811e494a1b0f23e3ac246dc7'),
(32881, 'EL-HAIMER', 'HANANE', 'E', 'ZT284162', 'hanane.el-haimer@usmba.ac.ma', '2226daea52890794c64e6990a9d0cc31ed251501fa2eef146734d0231c139595'),
(32882, 'ELHAMIMI', 'ABDELMOUGHIT', 'E', 'ZT278232', 'abdelmoughit.elhamimi@usmba.ac.ma', '4d97b4b4c4045ddddc4ac6ea7a3378e73558ed198e89f1d8c888cdb708bf8329'),
(32885, 'ELHAMRI', 'LOUBNA', 'E', 'CD658714', 'loubna.elhamri@usmba.ac.ma', 'd7f3aefadef5d2dc294211d7fda389bfc0628af0a65bcc73d23b0d09bd8a8d3f'),
(32886, 'ELHAOUARI', 'HIND', 'E', 'CN40495', 'hind.elhaouari@usmba.ac.ma', 'db8494e2eafc923351401ecfb9fbe386635e2ee73eb81b80aec775389b94fc70'),
(32892, 'ELIDRISSI', 'ASSIA', 'E', 'CD289764', 'assia.elidrissi@usmba.ac.ma', '79c05c90b0a932a25b661955e7b21d8b8dfb470bfb6c155005c7412b31203e78'),
(32893, 'EL-IDRISSI', 'RAJAE', 'E', 'CD677410', 'rajae.el-idrissi@usmba.ac.ma', '195f094f4f733ec724f712bfba76a50547b49b6455db74521c60eb7ef5217ec6'),
(32894, 'ELIYSAOUY', 'KAWTHAR', 'E', 'CN7397', 'kawthar.eliysaouy@usmba.ac.ma', '175e57b8e49b54cda7a4f69ddeff21a696ed7814d446b49e6413410e0b57c54c'),
(32895, 'EL-JABALI', 'IKRAM', 'E', 'CD688624', 'ikram.el-jabali@usmba.ac.ma', '0b870b9e4cba8925f85ae1115634eeaf80c458739f579c9d5a2a7aa19f7bd1ee'),
(32918, 'ELMCHACHTI', 'OTHMANE', 'E', 'S797133', 'othmane.elmchachti@usmba.ac.ma', 'a123fe1e130ea7d5141cad7504c8c22960197090b04e8e60f580aca1b43d17e3'),
(32928, 'EL-MOUJAHID', 'IMANE', 'E', 'GM220985', 'imane.el-moujahid@usmba.ac.ma', '0573790f3d3b2d4e1f8654f3ea3723b3cd91c3a1b93f0d52df0841548c6d6282'),
(32930, 'EL-MOUMNI', 'OUSSAMA', 'E', 'ZT260645', 'oussama.el-moumni@usmba.ac.ma', 'bb9a815a0a88926317a716230708f431cd3da196e8858862d01c261f958ed365'),
(32932, 'ELMRABET', 'ADIL', 'E', 'Zt269356', 'adil.elmrabet@usmba.ac.ma', '1de9e8c825497965db750d3072b028334a8a60e01caca2bd96520ae684d99abb'),
(32933, 'EL-MRABET', 'IKRAM', 'E', 'CD677378', 'ikram.el-mrabet@usmba.ac.ma', 'bc329813ea995692d38fdb86e382d47b5be6684e50104bc29ea7db03fa87d7f4'),
(32935, 'ELMRINI', 'BOUTAINA', 'E', 'CD724702', 'boutaina.elmrini@usmba.ac.ma', 'd2b36be04fc3d943d47d2606c2bf5e5711622dbd27d22249cf3f0cb8dfb4bb6a'),
(32936, 'EL-OGRI', 'SOUAD', 'E', 'ZT282924', 'souad.el-ogri@usmba.ac.ma', 'eb72d00205d74f21aa6af43518dc8b0395e5b0c824fbfab59d9737a7f27becb2'),
(32944, 'EL-OUAZZANI', 'ZIAD', 'E', 'ZT275402', 'ziad.el-ouazzani@usmba.ac.ma', '4ce77abd0ecc2affb5b161fa87af5b4007bd47abe6507a1d3b4dab6b3b4a44c1'),
(33060, 'FARID', 'ASMAE', 'E', 'CD652116', 'asmae.farid@usmba.ac.ma', '8178201f76a0ae158cf2245467459cbfb4175fbd9c43279ec2444dccd37ad3cc'),
(33065, 'FATEH', 'FADOUA', 'E', 'CD725212', 'fadoua.fateh@usmba.ac.ma', '7c4cb245c12743fa2081398ee30e28af6b8b0260a9ac879b1a720f1e34bc2888'),
(33068, 'FATTAH', 'IKRAM', 'E', 'CD725756', 'ikram.fattah@usmba.ac.ma', 'f630598e4086393908fe939fa5deacfb1fe6ffd5fd43fe0e743162c55056b9c7'),
(33071, 'FERTASS', 'FATIMA', 'E', 'CB326694', 'fatima.fertass@usmba.ac.ma', 'd6b0e9e68c4478bb0a38c88512ab0cb884e00784d7b4f8d9f639d5016cd0c871'),
(33073, 'FIGUIG', 'SOUAD', 'E', 'CD288425', 'souad.figuig@usmba.ac.ma', '614747a32225aa80f6def02a1fc4bf316c6f50bee7181827d6ed3b02ca3c4c6c'),
(33074, 'FIKRI', 'OUMAIMA', 'E', 'CD289590', 'oumaima.fikri@usmba.ac.ma', '3970c2c35b1c3c99f3d79b3109595f17081c00d3eec397593a6a4c4566b41939'),
(33082, 'FLIOU', 'DRISS', 'E', 'CD643515', 'driss.fliou@usmba.ac.ma', '0339528f48630c3cdbba76fe6ba7c6c2a122c09a18c2ad2506c573f520f58e16'),
(33140, 'HALIM', 'MOHAMMED', 'E', 'ZT283912', 'mohammed.halim@usmba.ac.ma', 'acdf0139036cb9ada73acc86674844cd388ea1f47aba7b5247a0996baf0c3d3f'),
(33141, 'HAMANI', 'NADA', 'E', 'CD269345', 'nada.hamani@usmba.ac.ma', '071b117d9cb3e26a5d43c992746e3cfb04f50dd65abb5c7f6253783d99099fab'),
(33145, 'HAMDADA', 'FOUAD', 'E', 'CD678995', 'fouad.hamdada@usmba.ac.ma', '331ef6facc88b763b75323f8adfd01b82253a4c97aef9e50d37e62f4e84964a5'),
(33147, 'HAMDAOUI', 'NAJAT', 'E', 'CN36928', 'najat.hamdaoui@usmba.ac.ma', '3a44bccb0da65f45cdffde4683ee95657f9cf86b26315382eeae1bcb9bd111a4'),
(33148, 'HAMDAOUY', 'REDWANE', 'E', 'CN40113', 'redwane.hamdaouy@usmba.ac.ma', '5198b04fe19b9371a77e1131f68faa515b013654c7952f3bd307977b9fd0ab2a'),
(33152, 'HAMMADOU', 'GHITA', 'E', 'CD716341', 'ghita.hammadou@usmba.ac.ma', '50b1785fea6400a75ef38da502067c3dcdf77298983c88694a3e5aad63a3ed61'),
(33153, 'HAMMAN', 'ABDELLAH', 'E', 'CN39682', 'abdellah.hamman@usmba.ac.ma', '0cc48dd128fd9becb0540eae819cd6656192c84541530954f21585fa0377ec72'),
(33155, 'HAMMANE', 'BOUTAYNA', 'E', 'CD289076', 'boutayna.hammane@usmba.ac.ma', '3a0f75fcfa4e62bb9f211a1b86627515add69a19a833e73ef097efb62e0b31b6'),
(33258, 'JAMAL', 'NADA', 'E', 'CD696351', 'nada.jamal@usmba.ac.ma', 'eb6bc428c79d957acb17382771dca76edbb79459c9cc49e62a7afa69950c6693'),
(33259, 'JANATA', 'ZAKARIA', 'E', 'Zt287394', 'zakaria.janata@usmba.ac.ma', 'b23ac1b6bf2fa918582936246904699997c1c99f4eff92d5c67f4b8821a36d04'),
(33262, 'JANATI IDRISSI', 'HAMZA', 'E', 'CD435415', 'hamza.janatiidrissi@usmba.ac.ma', 'a0ac026f88071b3ca6b4c757782ff8cb2ed61d189e84866378dbed3426aaeea4'),
(33263, 'JANATI IDRISSI', 'MINA', 'E', 'CD473775', 'mina.janatiidrissi@usmba.ac.ma', '6b2ddbfbf4bedc24a678152972d71c126ff3bb0e7aaefbf16bdad1a4d0c9830d'),
(33264, 'JANATI IDRISSI', 'ISSAM', 'E', 'ZT283487', 'issam.janatiidrissi@usmba.ac.ma', '0d4dc698d66fa53e602f12d99ec8fef9421561fba56b063be673d4e7c8e9ddd4'),
(33267, 'JAWHAR', 'NAIMA', 'E', 'CD724661', 'naima.jawhar@usmba.ac.ma', '0563a3f314ef280e4335c1cd4ef11e00428a4da5c204de88907d9d9eed1d8999'),
(33269, 'JBILOU', 'OUISSAL', 'E', 'CD676930', 'ouissal.jbilou@usmba.ac.ma', 'f006923d521da60d685f3dff11ede6f585542f6c012717aa25410ead21a44a2b'),
(33320, 'KHAJOUI', 'MOHAMMED', 'E', 'CD642100', 'mohammed.khajoui@usmba.ac.ma', 'bdd03161437594df23e7a391f3f803fa96e18ab78d5c9da19cd94823135ee7fa'),
(33323, 'KHALDI', 'YASSINE', 'E', 'CD354010', 'yassine.khaldi@usmba.ac.ma', '46d62b3be25ed108a4a94a51ac4f710facb7188f4d09d8557d279c02b59c6159'),
(33325, 'KHALIE', 'SAID', 'E', 'KB194397', 'said.khalie@usmba.ac.ma', '3822d1c0e3e2ef190e0b27fa131ef6fd57e4a0f5634efe1e15b0efa11b82978a'),
(33326, 'KHALLOUKI', 'OUISAL', 'E', 'CD726162', 'ouisal.khallouki@usmba.ac.ma', '39ae664c17cc2d56d4d65fcf1c2e442314f473d1ec4db7622e72792e3c014bc1'),
(33327, 'KHANNOUSSI ALAOUI', 'ZINEB', 'E', 'CD703656', 'zineb.khannoussialaoui@usmba.ac.ma', '486e5c48f9fdc6e5d2c9c3b213230070416506b557f224dddbd1d76be322617f'),
(33328, 'KHARBOUCHE', 'YOUSSEF', 'E', 'CB327594', 'youssef.kharbouche@usmba.ac.ma', 'dbbd37a356da72e5cef9188a8d8510f0c3b31fc0b99963ba8a9808db02a81cfa'),
(33329, 'KHARCHACH', 'NASSIMA', 'E', 'ZT282815', 'nassima.kharchach@usmba.ac.ma', '8d873db64655b8e31b78b85d90df2aa6ee3602f58167509a2a1bfbb75bc75278'),
(33332, 'KHARCHACHI', 'ZAHIRA', 'E', 'CD659067', 'zahira.kharchachi@usmba.ac.ma', '0bc50a421a25269c64ed01590c4acbd69eead7bc28f2209a6d013d1f9af755fd'),
(33335, 'KHARKOUK', 'NAJOUA', 'E', 'ZT279961', 'najoua.kharkouk@usmba.ac.ma', '096d48c508e2eb46673971cfe13fc8c7577d6001b018a67da60a4bb1ee75c2ae'),
(33337, 'KHASSA', 'MANAL', 'E', 'CN39142', 'manal.khassa@usmba.ac.ma', 'ec318e0a8f2f8b3f5a3d12a1739e01be3a883d9a89c842b850c9965c79e61ccd'),
(33339, 'KHAY', 'ZINEB', 'E', 'CD697960', 'zineb.khay@usmba.ac.ma', 'e31e54913c9a9142bf1901bdc30c97361b3978ea8989f70457ff98efb35b2442'),
(33346, 'KHOUJA', 'SOUMAYA', 'E', 'CD678113', 'soumaya.khouja@usmba.ac.ma', '9ca0b05fe4b457ffaaa0386e76b4db7ead09d8df35a498cb3ff1d66e1dca7b7b'),
(33347, 'KHOUKHANE', 'MAJDA', 'E', 'CN40599', 'majda.khoukhane@usmba.ac.ma', '2f2327a8f84fef207520f4d73960d85a9fe44346b76b66858a8e11ee10f3ad1d'),
(33348, 'KHOUTAME', 'FATIMA ZOHRA', 'E', 'CD658677', 'fatimazohra.khoutame@usmba.ac.ma', '8791c8b04cf047dbf3ba7bd84101f4eecdb269974826f1538d6b4e0edb1a56de'),
(33350, 'KHZIZOU', 'KHAOULA', 'E', 'ZT279433', 'khaoula.khzizou@usmba.ac.ma', '40db0c39d7d4e249226da51a96179f67fc1cfa89d97e4a03da1c178bc1748450'),
(33352, 'KISRA', 'NOUHAYLA', 'E', 'CD354310', 'nouhayla.kisra@usmba.ac.ma', 'fecb6f73af57b64091b3951dfb42745fa969413bdb6487baa74e83e2f0a2df50'),
(33439, 'LAZAR', 'ILHAM', 'E', 'CD659416', 'ilham.lazar@usmba.ac.ma', 'eb6d9ddd0975fed179f2b286a51246dbe20ec280aaad2511170247f37072c754'),
(33441, 'LAZRAG', 'ZAKARIAE', 'E', 'CD657697', 'zakariae.lazrag@usmba.ac.ma', 'f69001c53c4bcd7ecd2448817cf262d3e9999eb0b203333b64cefb87dec095ee'),
(33444, 'LECHHAB', 'NOUHAYLA', 'E', 'CB330171', 'nouhayla.lechhab@usmba.ac.ma', '5b5b43470cd8e0baa45e5b3e2b9f57a662908da44c43baf2c3be97d62f29adf2'),
(33445, 'LEMHOUOUAR', 'MERYEM', 'E', 'CD657593', 'meryem.lemhououar@usmba.ac.ma', '8fda6c3dbfbb6b687f8872190f429c608a673b4658d393d80553cafbe354ce2e'),
(33855, 'SRISRA', 'NOAMAN', 'E', 'ZT283815', 'noaman.srisra@usmba.ac.ma', '4108c6b269046e1383b13ddcace3d983a71abf787dc0dbbfb7717ee126722a08'),
(33856, 'STITOU', 'KAOUTAR', 'E', 'ZT276127', 'kaoutar.stitou@usmba.ac.ma', 'daf0e275585d9c09c28cb330f176e736d9a9d370b1d570e5740b4311e64069ce'),
(33857, 'TABET', 'ABDELILAH', 'E', 'CD678640', 'abdelilah.tabet@usmba.ac.ma', 'b02eebbc606df4047d308a45aef282e88b1d8a7992c2d78a90ec59c631942fb1'),
(33858, 'TADLAOUI', 'AYA', 'E', 'CD287789', 'aya.tadlaoui@usmba.ac.ma', '45834de9e71b1aed8cf62d0aab71d932e03112b7bf177bf653d05964634cf51c'),
(33861, 'TAIBANE', 'ANAS', 'E', 'Cd343911', 'anas.taibane@usmba.ac.ma', 'ad55743c8fe5c6833cc2a8521cce2e36a7317094717cd08fe2757fdf15ce39a6'),
(33863, 'TAJMOUATI', 'HIND', 'E', 'CD354305', 'hind.tajmouati@usmba.ac.ma', '58a61ceff644c6d6ff4be92f0fe21c9c05b40e6057d6450af64eb4ba27328ed4'),
(33864, 'TAKKI', 'MOHAMMED', 'E', 'CD685628', 'mohammed.takki@usmba.ac.ma', '0705afe76f31a8a805daae8cab73f7802972977c81e935ea2ef575bd2f9c03bc'),
(33866, 'TALEB', 'MOHAMMED', 'E', 'CD436752', 'mohammed.taleb@usmba.ac.ma', '366eab95ad907efaf7001bd68d20a5f7f9098a76e1b3d696c90406370f93a969'),
(33867, 'TALHAOUI', 'NEZHA', 'E', 'CD289925', 'nezha.talhaoui@usmba.ac.ma', '6e80c0b9570b3596fd75e581cf2a1fd225daa551424730d700bd894c35294654'),
(33869, 'TALLIL', 'FATINE', 'E', 'CD666177', 'fatine.tallil@usmba.ac.ma', '9f8eb1924aff7d4971c0b0b04ca472e2fe82c801d729959912d42519c7101f6e'),
(33893, 'TOUZANI', 'NOUR EDDINE', 'E', 'ZT285272', 'noureddine.touzani@usmba.ac.ma', 'c89b64bbf0f7c645c061d3008764cacc38974123d7f7ef3c98feeacc625b6ce6'),
(33894, 'TREBAK', 'FATIMA', 'E', 'CD665212', 'fatima.trebak@usmba.ac.ma', '72a8192ed7be775d7d0e2e31d9462af626e0b11eab7c60729948f01b74d27d0d'),
(33896, 'TRICHINE', 'FATIHA', 'E', 'CD675141', 'fatiha.trichine@usmba.ac.ma', 'e3e259dd6216f17dad1469d48b560cb9f688b99e611acf8d689964215b53d6ff'),
(33898, 'TRITAH', 'SAAD', 'E', 'CB278132', 'saad.tritah@usmba.ac.ma', 'bfb3fa4551bd2794f0526d309ecbc7f0f88a589c99056a7105faa1caca324399'),
(33904, 'YAHYA', 'KARIM', 'E', 'DB28381', 'karim.yahya@usmba.ac.ma', 'd67ccb7cadd4b521bd83e12707c236cc0d19efeb0d459fe68389e3ee40fd1a34'),
(33979, 'BIHA', 'Mohamed Mohamed Lamine', 'E', 'BD1344978', 'mohamedmohamedlamine.biha@usmba.ac.ma', '50902fe68f182900c40c072b81bb2aa7ecb1625ab413a06b3bf62c8b4e10744d'),
(33990, 'SYLLA', 'DJIBRIL', 'E', 'O0391245', 'djibril.sylla@usmba.ac.ma', 'd45a37507e3c7328fb3d1927d2e3f1415a38f4a0f93d7db5edd582fc8164d487'),
(34142, 'FERGOUGUI', 'MOHAMED', 'E', 'Z627179', 'mohamed.fergougui@usmba.ac.ma', 'bb3a00eebcee53b7d59540293420b38ad3dc6f5955ae3240f174bf7d104ef084'),
(34151, 'EL BARAKA', 'YOUNES', 'E', 'ZT271915', 'younes.elbaraka@usmba.ac.ma', '05f67e8600d75b0836d7d31d1c04d66506e7ffea6db73d239eb050a959f859c4'),
(34155, 'EL-OUARDY', 'ELALIA', 'E', 'CD718245', 'elalia.el-ouardy@usmba.ac.ma', '1f08db60a678275505797978e42bb9cd32302572a4efee66646552ad52ffb06a'),
(34157, 'KIBBOU', 'YOUSSEF', 'E', 'CD743401', 'youssef.kibbou@usmba.ac.ma', '9905d6305194a8e9e7c4766ffa23a125257495a5b5a5ea39959c192d269f318f'),
(34164, 'EL-ACHIRI', 'OMAR', 'E', 'ZT280955', 'omar.el-achiri@usmba.ac.ma', '668d8d32ed759706cf983a40e3ac3203db06e546648e4e2dcaa59343894cb0dc'),
(34176, 'FATHI', 'ASMAE', 'E', 'CB320694', 'asmae.fathi@usmba.ac.ma', '6c26d0b80ff224eb6bb6fce2640620eeb0a6e4655dbf87191380b9a7362260b1'),
(34181, 'LEKHRARFI', 'SAAD', 'E', 'CD691680', 'saad.lekhrarfi@usmba.ac.ma', '11fcea8d8b51d65636bad829f18b5836e4e1290fecf652ab186fe08b8c9af26a'),
(34253, 'SYLLA', 'ABDERRAHMANE', 'E', 'AA02862994', 'abderrahmane.sylla@usmba.ac.ma', '497302924fd0ed1f13fd69a74e20b2063006d9501ac525753b62355bd6cce1cb'),
(34261, 'BORGES NEVES', 'DANILO', 'E', 'S118087', 'danilo.borgesneves@usmba.ac.ma', '42abfcb5d0c0d88a936c858d4b4098fccb34b5005831b6d9bb7427b82d18624f'),
(34315, 'YAHIAOUI', 'LOUBNA', 'E', 'CB316314', 'loubna.yahiaoui@usmba.ac.ma', '5bb2179be1c28ce10a4805f050344ae6367e49c9da8f3edac4d8209169a0d3e9'),
(34339, 'DOUMBOUYA', 'MOUSSA', 'E', 'O00400822', 'moussa.doumbouya@usmba.ac.ma', 'c93b1ae3d08ba8c45d4ef288c6c6c77b6438d679607c7a64dfcac4732fef396c'),
(34343, 'KONATE', 'OUMAR', 'E', 'O00292495', 'oumar.konate@usmba.ac.ma', '3afefa0f98402002b71ff8bc139ebbcb853edbbc5d6cfbd28fbcf2445a8d29ea'),
(34355, 'TAHIROU MOUSSA', 'MAHAMADOU', 'E', '10PC68695', 'mahamadou.tahiroumoussa@usmba.ac.ma', 'cc0593f8ca9da24f45769b52a187572bdaf70f3501ca04a0a36f467af9d95666'),
(34367, 'DUMBI', 'PHOBA EZECHIEL', 'E', 'OP0463607', 'phobaezechiel.dumbi@usmba.ac.ma', '0d4324c923e5de2b921e6a0e430b8fd657583213d73f20e5aa8cf314680bdcd3'),
(34559, 'ASSISSOU', 'AWATEF', 'E', 'CB335758', 'awatef.assissou@usmba.ac.ma', '89b6f5d3064f45e911a2960bcc3af27170a7c5d4219ee3ae18b574b5a596f635'),
(34563, 'ATIQ', 'AYOUB', 'E', 'CD667063', 'ayoub.atiq@usmba.ac.ma', 'a98a8debe2ba9046e5ea17a7ae97823b59f2f3a38ae654133da09c25c0de31d0'),
(34564, 'ATTARI', 'SOUKAYNA', 'E', 'CD355619', 'soukayna.attari@usmba.ac.ma', '76b1a0bba9ca6f6d814da04780329da2c427c0bfccab2a4116f24e5f73ed3595'),
(34565, 'ATTROUCH', 'CHAYMAE', 'E', 'CD744252', 'chaymae.attrouch@usmba.ac.ma', '2e2a6a0e642add11440f9c2dafa72dc814e8cdb0f64dccfa4e2eb3a5f3e740a9'),
(34567, 'AYADI', 'FATIMA-ZAHRAE', 'E', 'CD689730', 'fatima-zahrae.ayadi@usmba.ac.ma', '6df2201a138b321932f475edc581a449ec999776d7d0d117e45d37d93827d35f'),
(34571, 'AYOUGIL', 'SARRA', 'E', 'CD698172', 'sarra.ayougil@usmba.ac.ma', '05444aa063e42a5ab0c07b42b05d976fd1a6ddafa97f57c38b39f2703da0564a'),
(34733, 'BERCHID', 'KARIM', 'E', 'ZH2170', 'karim.berchid@usmba.ac.ma', 'fda6bfe4d9151578d8e9a79f3ada203896fe428afcc7fbeb32b1a78892a25bea'),
(34742, 'BERRARE', 'SARA', 'E', 'ZT289622', 'sara.berrare@usmba.ac.ma', '3b50af323d9a5074ec79c5b179ce32b11c554cd5c49b369c016e64a4edb52a94'),
(34743, 'BERRICHI', 'AZIZA', 'E', 'CD347502', 'aziza.berrichi@usmba.ac.ma', '0ba85703e71ec673c0d5d1ea1d0cc2dfb0b72ca2993a71cca345d8bd0f76f72e'),
(34750, 'BOUAICHA', 'NADA', 'E', 'CD679863', 'nada.bouaicha@usmba.ac.ma', '360fa8236109021393b58e814b498460b2730dff3d8d786be64fb40959d57f8c'),
(34751, 'BOUAKARAB', 'LAYLA', 'E', 'CB337858', 'layla.bouakarab@usmba.ac.ma', '2fd5dcbda613a8ff4e538be380959bae249c5fbad5f7823b4fffdec6931d5802'),
(34783, 'BOUHOU', 'HAYAT', 'E', 'CN40640', 'hayat.bouhou@usmba.ac.ma', '57ee58134242c626656a0a9b7b9b97df61438828d0795e35d323476ef8c13440'),
(34788, 'BOUIHALLAL', 'HAKIMA', 'E', 'CN40850', 'hakima.bouihallal@usmba.ac.ma', '3e42cf36900552ee86e31b4039451cff733fcadb649c9ff9d9d1627801987cd2'),
(34790, 'BOUJARDA', 'SALMA', 'E', 'ZT293302', 'salma.boujarda@usmba.ac.ma', '5270908d4d8e66c3c71d6c191793e81d5eff43797e1481f8061c12b4525038d2'),
(34792, 'BOUJEDDAINE', 'HAMZA', 'E', 'CN40052', 'hamza.boujeddaine@usmba.ac.ma', '50a4207094684372b626f5fb0d079f4526c7db14bbe1757cf928c079500fab6b'),
(34793, 'BOUJRAF', 'ILYASSE', 'E', 'Cb329168', 'ilyasse.boujraf@usmba.ac.ma', '6266e3742d4bc17e8f8fd54b8f22dabf65f4b24c7efbd1329c44a4bea6361334'),
(34796, 'BOUKAABA', 'ILHAME', 'E', 'CB330495', 'ilhame.boukaaba@usmba.ac.ma', '87b30d01f30f04168e81c739f88fe2fcd5ad915c0965e16bee4d9980ab7e608f'),
(34797, 'BOUKAISSI', 'KARIM', 'E', 'CD146382', 'karim.boukaissi@usmba.ac.ma', 'cff060a69a949ce839596374230b4d24dda498e8bbc580322be1266752f227da'),
(34799, 'BOUKHIMA', 'BOUCHRA', 'E', 'CD689726', 'bouchra.boukhima@usmba.ac.ma', '82418f0aadb5ddfdc201278ff82d79b1dc7a8b709aafcb42a7bbea483667959c'),
(34801, 'BOUKHRIT', 'YASSINE', 'E', 'Z652621', 'yassine.boukhrit@usmba.ac.ma', 'c4f64fe9c20940323f8cd445e58053dfc8b3f435ae885bbdfc7dfccea4be4551'),
(34802, 'BOUKILI', 'MOHAMMED', 'E', 'CB334851', 'mohammed.boukili@usmba.ac.ma', 'ada92f1813030f18a6ac1d992d3b2c9b42dba6de46d52489656b42d34b8a7a50'),
(34904, 'CHARFI', 'AHLAME', 'E', 'ZT294682', 'ahlame.charfi@usmba.ac.ma', '5b96ecc4c17990f1c9059e3c8f51e590fbe80903bb4fda2d4cb81c77ca211e80'),
(34906, 'CHARKI', 'KAOUTHAR', 'E', 'CD782243', 'kaouthar.charki@usmba.ac.ma', '96aa800612b4057c1d1c712d82cc99fc479897fd0d37e88df9dcbaf120b2919d'),
(34909, 'CHATER', 'NAJOUA', 'E', 'ZH1821', 'najoua.chater@usmba.ac.ma', '28f721164904bc4ba1e9c39a5abc8358dd8bb06e569d8d7a6dcf2ec5c8c0c974'),
(34911, 'CHATOUI', 'IMANE', 'E', 'ZT297465', 'imane.chatoui@usmba.ac.ma', '6832e5cfa8d682761f8533e5270df4f466736178f2f8f835472172fc9aa2abc6'),
(34914, 'CHELOUATI', 'KARIM', 'E', 'CB335397', 'karim.chelouati@usmba.ac.ma', '6f724d754b6aed194233876becd38fbfae22855838525b1c0982d9921172b8d7'),
(34916, 'CHENIOUR', 'RAJAE', 'E', 'ZH1684', 'rajae.cheniour@usmba.ac.ma', 'fde602d2b347d86223cbf19e74c6ce3f7ec904a05dc7e1a4217f1f1f3369fed6'),
(34995, 'DRIDER', 'OUIAM', 'E', 'CD666833', 'ouiam.drider@usmba.ac.ma', '99ea63408672202b5c209f394dde55c28f1a5dac18650b4ed7070bac4c37e516'),
(34999, 'ECHADILI', 'AMINE', 'E', 'CD666175', 'amine.echadili@usmba.ac.ma', '87ad9720b52224dfb0b638972c4fdf1976e6b68396dcfe4cb42d3ac88637debd'),
(35000, 'ECH-CHAHID', 'HAFSA', 'E', 'CD679996', 'hafsa.ech-chahid@usmba.ac.ma', '49ea06eaad2b73e09cc214357611e900304170f0927e9914105cc2433066644c'),
(35001, 'ECH-CHAQROUNY', 'WALID', 'E', 'Zh3572', 'walid.ech-chaqrouny@usmba.ac.ma', 'bf8037914306c6456a2c3e314f92091cf6a451fe4cfb1ced3ec64f1281432666'),
(35109, 'EL BAKKIOUI', 'NOUHAILA', 'E', 'ZT298305', 'nouhaila.elbakkioui@usmba.ac.ma', '1d9aa20ad464c0d9b1ef4ee06ef06a9ca3f8f948dced8ba1c5c49474d9c8cea2'),
(35110, 'EL BAKRI', 'AMAL', 'E', 'CD29416', 'amal.elbakri@usmba.ac.ma', '59dce440d50f1ad7d6bb730c037a8ae4da03c62bc5034bb7c6380f4d5d32a89b'),
(35115, 'EL BARBARI', 'HAFSA', 'E', 'CD790996', 'hafsa.elbarbari@usmba.ac.ma', 'bd62806770c0cd3937f70254762ad29cac912ac0af9de7833216210a2304b6d3'),
(35118, 'EL BASSRI', 'ZAYD', 'E', 'ZH2261', 'zayd.elbassri@usmba.ac.ma', '8f8d4b0851fc72cbf2bc3a7cdf27877a68bee30fd21e7ebe0446f40f88a0bb46'),
(35120, 'EL BAZ', 'SALIMA', 'E', 'Zt294386', 'salima.elbaz@usmba.ac.ma', '31a2fa03712f2c44d6c5a78997051774896f1f7bebdffd7acbc1779dcaa7e67a'),
(35122, 'EL BEKKOURI', 'NADYA', 'E', 'CB337088', 'nadya.elbekkouri@usmba.ac.ma', 'a6e4766a75dd9b163bf88612fb4b6e799ef9b3ac362afc6fd66e39c372ee4aeb'),
(35123, 'EL BETIOUI', 'OUIAM', 'E', 'CD679864', 'ouiam.elbetioui@usmba.ac.ma', '94e64b3af928763d0eb8cc1ad0f4a250b2f504d1590e4c50f8d5fcb23abfa304'),
(35127, 'EL BOUAZAOUI', 'ABDELHAFID', 'E', 'ZT291214', 'abdelhafid.elbouazaoui@usmba.ac.ma', '011797cb88c7cd897fe9b6184428b3e6229efa5e3eeac3bf06ce118aa5cd13a1'),
(35215, 'EL HAYANI EL MOURABI', 'BOUTHAYNA', 'E', 'CB328686', 'bouthayna.elhayanielmourabi@usmba.ac.ma', '9dd6fb60d460f0fbc5768268bd8066f660a36b7808f0f21285722f195a40ca7a'),
(35218, 'EL HERCH', 'MARWANE', 'E', 'CN39906', 'marwane.elherch@usmba.ac.ma', '82c7adb290d1c91770ee01a0c2046593d0bfa174ba971e065edd52488c67817e'),
(35219, 'EL HILAL', 'ABDENOUR', 'E', 'ZT290714', 'abdenour.elhilal@usmba.ac.ma', 'a2f497d4026297ef9c479721f0d7855da0a350c6468d94e382b40fbe7a96078e'),
(35222, 'EL HIRI', 'MERYEM', 'E', 'CD698655', 'meryem.elhiri@usmba.ac.ma', 'ce2e57da2e73cc137862ae8f045d04a005971c8aae9a2b49a64e88a0c9518ef6'),
(35226, 'EL HMAIDI', 'LOUBNA', 'E', 'ZT290375', 'loubna.elhmaidi@usmba.ac.ma', '056af86aee67332875b0da4941ab00650647a31bb87e0c5663b25cc92125ee85'),
(35228, 'EL HOUARI', 'IMANE', 'E', 'CD704822', 'imane.elhouari@usmba.ac.ma', '88e57473adbca64df358886af482c249b1336e4be93fb45b955e8a6546fd4709'),
(35310, 'EL MESSARI', 'IKRAM', 'E', 'ZT290700', 'ikram.elmessari@usmba.ac.ma', '3ddebf66da6e39acc69dc3058f83220536f8703d39a200926863e55d0cef541a'),
(35311, 'EL MESTOUR', 'MOURAD', 'E', 'CD355670', 'mourad.elmestour@usmba.ac.ma', '66e0574761b5152f2800cc4c7945401f3f9cf3537583ba03276337ddbe992e3b'),
(35312, 'EL MEZIOUI', 'MALIKA', 'E', 'ZT299328', 'malika.elmezioui@usmba.ac.ma', 'a48710412f242a18312203d8f668dab76d9812bd82a5f2d2b050dcfd67d6b338'),
(35313, 'EL MGATAA', 'SAFAE', 'E', 'CD752382', 'safae.elmgataa@usmba.ac.ma', '826b0f3f575965725c95e0d2bf4599714c55d938827e51d4e597dd951c43fdae'),
(35316, 'EL MIDAOUI', 'AMAL', 'E', 'CD727434', 'amal.elmidaoui@usmba.ac.ma', 'e6587c3549e74e50e280fdd6780f6ab9a8c74cca6c84474605e2b0a9662101e5'),
(35319, 'EL MODEN', 'AYYOUB', 'E', 'CD910301', 'ayyoub.elmoden@usmba.ac.ma', '124ac03e803a38c9d963f8921c1d4613060ba2b11a91cc381430d95523471c25'),
(35322, 'EL MORABET', 'NADIA', 'E', 'CD697860', 'nadia.elmorabet@usmba.ac.ma', 'e46b14bee6c9bead1b2a5c1cf058a5ea3dc269d1dc91948441fc498d500bde26'),
(35324, 'EL MOTAOUAKKEL', 'HIND', 'E', 'CD344380', 'hind.elmotaouakkel@usmba.ac.ma', 'b42b8401c1456552869bf53f413fce4d137999cd9ea7614ed0246d153358fcde'),
(35325, 'EL MOUAFFAQ', 'ABDELLAH', 'E', 'CD439399', 'abdellah.elmouaffaq@usmba.ac.ma', 'e3359df18f3a2e1af2c9f4eac4e960ecc28a4a91a370c93b15577be894102b21'),
(35328, 'EL MOUHADANA', 'IMANE', 'E', 'CD751992', 'imane.elmouhadana@usmba.ac.ma', '31b8d8494d59fbd476dde2e97f7a4a66cb56b6682cb60d983e63b746323ef24c'),
(35464, 'ELHAKIM', 'CHAYMAE', 'E', 'CD439707', 'chaymae.elhakim@usmba.ac.ma', '435c7fa2b5a63c36762875cada9bec232f8552e0048d5c0bb9e4696928f27f1f'),
(35471, 'EL-HEGGACH', 'NOUHAYLA', 'E', 'cd438440', 'nouhayla.el-heggach@usmba.ac.ma', '543c8084bd330d58cf062c44c83e36c5668144a0d5fd26e75c27cdbd80b67410'),
(35474, 'ELIDRISSI', 'MERYEM', 'E', 'CD725659', 'meryem.elidrissi@usmba.ac.ma', 'fb77218eb88e63e22d63a5afbcc6d4a22560e57b91e463d75cf53486ac5f9f9e'),
(35475, 'ELIYSAOUY', 'BADR', 'E', 'CN44428', 'badr.eliysaouy@usmba.ac.ma', 'b949d56876492b3a9fd579c11b7020bdafe0dea60b84523aebccae614e528721'),
(35476, 'ELIYSAOUY', 'MOHAMMED', 'E', 'CN45149', 'mohammed.eliysaouy@usmba.ac.ma', '31fbd1f92d4370db32ae189338b1bd1b90d7070894537971442d3b1c8c0bd3b2'),
(35521, 'ELMOUSSAOUI', 'WALID', 'E', 'CB338898', 'walid.elmoussaoui@usmba.ac.ma', '2ddfb1be6ecec6f32a765e6929a9b81a63ff8375e55a2d115ce9dd8909c27f40'),
(35522, 'ELMOUTAOUAKIL', 'OUMAYMA', 'E', 'CD726923', 'oumayma.elmoutaouakil@usmba.ac.ma', '1d62227fe2ead48b5581c68c90db646a5abadb539af2b814113edcc160fa8ff6'),
(35524, 'EL-MZOUNI', 'KHADIJA', 'E', 'ZT295504', 'khadija.el-mzouni@usmba.ac.ma', 'e1a60a9a7f7f4b9fd2bfd3112bf77ac332f2596179ebd3d9736cf8efb3368e4c'),
(35526, 'ELOUAFY', 'FATIMA', 'E', 'ZT294191', 'fatima.elouafy@usmba.ac.ma', 'dfc539b4ede26c42a0dbf679b7042927ef5a412073ad5fecf29df56756c3b6b2'),
(35527, 'EL-OUANNASY', 'ABDELMAJID', 'E', 'ZT297561', 'abdelmajid.el-ouannasy@usmba.ac.ma', '8ed76a85bdf21b5c946191d47be949d68649fc5edc92141022894cf4922e9f7f'),
(35528, 'ELOUARDI', 'MERYEM', 'E', 'CD29747', 'meryem.elouardi@usmba.ac.ma', 'dae8150917603ff4ba502580d71a313939fcabc05c5aecf1613ec70259b1abf4'),
(35529, 'EL-OUARDY', 'CHADIA', 'E', 'ZH1175', 'chadia.el-ouardy@usmba.ac.ma', 'aa18a0ccaec5a49e0c40f747cfaf9d70699d8ea8299540ee0d8564bd785301b4'),
(35530, 'ELOUARTI', 'AMINE', 'E', 'CD743076', 'amine.elouarti@usmba.ac.ma', '0e2655b5b75f0890e53c65d30169a874a73005e848f02ffef7698dbcbcff2a20'),
(35531, 'EL-OUATIK', 'SAMIRA', 'E', 'CN42332', 'samira.el-ouatik@usmba.ac.ma', 'f251b87e2b05a6158d88d6d0015e1fab5baf1639e82dcc922e78d5a59e100e49'),
(35682, 'FELLAS', 'OUMAYMA', 'E', 'S795408', 'oumayma.fellas@usmba.ac.ma', 'bec8663c1b120dccd372cf7b64544398ec77cef2e43c2b35c8d237a3f20bd738'),
(35683, 'FENNANE', 'SALMA', 'E', 'CD675986', 'salma.fennane@usmba.ac.ma', 'd54baec57aa58484f2326521739a1a2f41f6559936ac464b5f13b6881f41b858'),
(35684, 'FIKIENS', 'HAFSA', 'E', 'CN42989', 'hafsa.fikiens@usmba.ac.ma', 'ed3e03f1bab4b61e807b217ad4f09147f8f3fba3a55a79c3c17a32ca548a7a46'),
(35687, 'FILALI DAHNI', 'FATIMA ZOHRA', 'E', 'CD698859', 'fatimazohra.filalidahni@usmba.ac.ma', '33505ce37dd5e4cdfe8e722f72004c5ac8c213b7e9bc493b7442bf22183dce75'),
(35757, 'HALMAOUI', 'ATIKA', 'E', 'CD437132', 'atika.halmaoui@usmba.ac.ma', '79ccf98cd85d6925a569ba7022a34a3a8e03209c30314136fa47cb6e974b8849'),
(35759, 'HAMADI', 'HALA', 'E', 'CD703471', 'hala.hamadi@usmba.ac.ma', '44f99f8c8d92718d4224172fd7025489812b4aee740f02a685033bf6038f1764'),
(35762, 'HAMDAN', 'FATIMA-ZAHRA', 'E', 'CD406203', 'fatima-zahra.hamdan@usmba.ac.ma', '12ca4611a5aef0eb3e70bd65233b45376ca05141ba9907a6395625690a8c8d93'),
(35763, 'HAMDAOUI', 'ABDELMOUNAIM', 'E', 'CN45025', 'abdelmounaim.hamdaoui@usmba.ac.ma', '5fd3dfbebfbeae44fb01c2a0c45dcc2c9ff67c8c7420767d3cc567464527bd74'),
(35764, 'HAMDAOUY', 'SALMA', 'E', 'CD626252', 'salma.hamdaouy@usmba.ac.ma', '7eb299aaadcf3b124600f1de786f0e7f7f7ccf3ad852560396df607ff961fc38'),
(35765, 'HAMDIDOU', 'BILAL', 'E', 'P356198', 'bilal.hamdidou@usmba.ac.ma', '334b8e944bbb8068d33e9f2af5ffdeac7ddee0239c7e9baca85d82dd47280b6c'),
(35766, 'HAMDIDOU', 'MERYEM', 'E', 'CD703806', 'meryem.hamdidou@usmba.ac.ma', 'd297ea37bba8686981386c2acbb19c67fe84049060fbdadc7e7d4c2faa7409f9'),
(35767, 'HAMDIDOU', 'HAJAR', 'E', 'ZT301390', 'hajar.hamdidou@usmba.ac.ma', 'a30a564904138fe1a2479ebc1b6a0ff4be5163cbc8a8c96895ace5ce2b322322'),
(35768, 'HAMIDI', 'SOUMAYA', 'E', 'CD354990', 'soumaya.hamidi@usmba.ac.ma', 'f4672c5fca4ff654d076ee9f5f7076e5a454621170303ad9e8f859d2fe8da5ea'),
(35769, 'HAMIDI', 'BOUCHRA', 'E', 'CD677180', 'bouchra.hamidi@usmba.ac.ma', '4278457a62019f862319dbbe36a058c7b3e6c8f32f1ac4f9fa7ea58fcb9ac446'),
(35770, 'HAMMANI', 'MOHAMED', 'E', 'ZT291587', 'mohamed.hammani@usmba.ac.ma', '7a77694ff74587beb368ebd0679f75e8cf1c40ef9331bda749108eb421f13222'),
(35860, 'JAMIA', 'FATHIYAT OLATOKUNBO', 'E', 'CD9051179', 'fathiyatolatokunbo.jamia@usmba.ac.ma', '4748f5b94c58aeb9acc2171c6feb5b3ffec4094f52ced9c0f8b5452ffbd574f4'),
(35862, 'JANATI IDRISSI', 'AMINE', 'E', 'ZT291029', 'amine.janatiidrissi@usmba.ac.ma', 'ca6fcf014e12dda2e6da4f42a56a9ad4a4e367bff9c0ad5e601bb049b7658be9'),
(35863, 'JANATI IDRISSI', 'ABIR', 'E', 'ZT296979', 'abir.janatiidrissi@usmba.ac.ma', '24412ad4cbff7d3ce5db78464a7421289b84cebd59d5d8155bd3c61749a8e670'),
(35864, 'JATTIOUI', 'ABDELILAH', 'E', 'CD698296', 'abdelilah.jattioui@usmba.ac.ma', '7e27bf1fa551388499c0d217a7f73e79fb7b2838c4e03f86dcf88bc8835ba903'),
(35865, 'JATTIOUI', 'MARYAME', 'E', 'CD760269', 'maryame.jattioui@usmba.ac.ma', 'f105690e316a34399175380c22c1ac550275dff04f8f300e2a02437d0bba50f5'),
(35923, 'KHALFAOUY', 'AZIZA', 'E', 'CN45859', 'aziza.khalfaouy@usmba.ac.ma', 'e38134ff659405059c77940b2388a9022556c12a51f0a30bdcf302e13ed503a5'),
(35924, 'KHALI', 'NABIL', 'E', 'CD387881', 'nabil.khali@usmba.ac.ma', '533c2237e142857ebcd8db77088c51c465a6d046075dc2102d25251be92a74e8'),
(35925, 'KHALOUTA', 'OMAR', 'E', 'CD404091', 'omar.khalouta@usmba.ac.ma', '099c71db267267af85da8581d5b82f5e54d4269b3429c3394235ad60b50cd117'),
(35926, 'KHAMISSI', 'HALIMA', 'E', 'ZT297112', 'halima.khamissi@usmba.ac.ma', '36feaadbf1be25db4df3123e6d8d1f1a9c8cb093a3e21cae4831e252e4f73cf3'),
(35934, 'KHILI', 'SAFA', 'E', 'CD686835', 'safa.khili@usmba.ac.ma', 'a8a6488b9a040f57e6bc4af9e2f88306d52abbb671cef9a822e81c770234e8e4'),
(35935, 'KHIRBA', 'SALMA', 'E', 'CD689980', 'salma.khirba@usmba.ac.ma', '40ffe2c44210f2fb2d8d55dcdaa7d0f2f69a9c3ce0192fcbc6781b7a7fe7fae8'),
(35937, 'KHOMSI', 'FATIMA ZAHRAE', 'E', 'CD344073', 'fatimazahrae.khomsi@usmba.ac.ma', 'f68d4c6db6303dee2a70461b70ab39b2b0cf07feacd03ff33272827f590a3718'),
(35940, 'KIOUACH', 'HANAE', 'E', 'Zt297362', 'hanae.kiouach@usmba.ac.ma', '232893592d61a2cbf43793e3f5b8ec1233068c80248f72e501ff8a428adde505'),
(35941, 'KMACHOU', 'MONSEF', 'E', 'CN45581', 'monsef.kmachou@usmba.ac.ma', '9e5e06a49fdc58309381fd15b335adaa64d16bb6c5f40447117c77825189e51f'),
(35942, 'KOBBI', 'SAFAE', 'E', 'CD437695', 'safae.kobbi@usmba.ac.ma', 'd469267344457987748ce18a694f6dd6a4ffb205fa0ea0ecedb9ff5fb4bd6355'),
(35943, 'KOBBI', 'ABDELGHAFOUR', 'E', 'CD678133', 'abdelghafour.kobbi@usmba.ac.ma', '59adc6dad1eb8c1222c7bfb70bc43ddde9997857ef745d7100962af6b446742a'),
(36040, 'LAZAR', 'NABILA', 'E', 'CD387320', 'nabila.lazar@usmba.ac.ma', '799892c95be27c167662e0eae32afe59d5d77d4bb7ec5fdb54ab5565bf6cc1b3'),
(36041, 'LAZIRI', 'AZIZ', 'E', 'ZT292583', 'aziz.laziri@usmba.ac.ma', '792a9110b1fa1be46279e190dc6876f514f7a8b717363c4bda9d8e9058926f91'),
(36043, 'LAZRAK', 'ZINEB', 'E', 'CD610569', 'zineb.lazrak@usmba.ac.ma', '64304330f755fb61b485f8b2a3a13067a5e882c734516c149ed53e89793e5c7f'),
(36046, 'LEMHAMDI', 'IKRAM', 'E', 'CN41957', 'ikram.lemhamdi@usmba.ac.ma', 'ca9ac649935b690b42c8b97daee7cbed8f4f6b3c1a2170329f540024e8d78748'),
(36047, 'LEMMASSI', 'AYOUB', 'E', 'CD689829', 'ayoub.lemmassi@usmba.ac.ma', 'ec06c058baf542c783bdbbc38df771fda1a86607f669e5a0bbb822f783910409'),
(36048, 'LEMSIDI', 'FATIMA-ZAHRAE', 'E', 'CD354217', 'fatima-zahrae.lemsidi@usmba.ac.ma', 'b5b2e8489fd92e78149df163f65deaa5c8569432d7f2c5fadea37fbc9a6bfb03'),
(36050, 'LEMSIDI', 'MERYEM', 'E', 'CD687456', 'meryem.lemsidi@usmba.ac.ma', '302af78acd7f88c89e7a76ec2400c1702e84b0f864663cb2fec5e86e270b218d'),
(36051, 'LEMSIDI', 'MOHAMMED', 'E', 'CD679310', 'mohammed.lemsidi@usmba.ac.ma', 'b93dfa245c68c5d3627ff2368f15147aedec9a12b126a46b83a11166dbb52b24'),
(36250, 'NIBRACE', 'MOHAMED', 'E', 'BK629389', 'mohamed.nibrace@usmba.ac.ma', 'c57a2fcdc0bab8f071d227fbe1071621b31c9ddb45a64ab939750752565ceadc'),
(36440, 'STITOU', 'GHITA', 'E', 'CD745577', 'ghita.stitou@usmba.ac.ma', 'd45f0fd7cb843827a883d6f4cb76221198680df23b2ab29f3a8d6fe15fc34182'),
(36444, 'TABBAL', 'KAMAL', 'E', 'PA258990', 'kamal.tabbal@usmba.ac.ma', '44124a3afd075c318bfd26be34ba7ac817c719d6da6611bd45f0110681f1cf1a'),
(36446, 'TAGHROUTE', 'SOUKAYNA', 'E', 'CN43364', 'soukayna.taghroute@usmba.ac.ma', '4a0bb635048760c83eaf495b022f1f357478bdc09d1557009586240907458f74'),
(36448, 'TAHIRI', 'YOUSSRA', 'E', 'Cd745757', 'youssra.tahiri@usmba.ac.ma', 'b6f73d318762e9ca1ccdd01e7c78e9b04c077e705176facc592f43ca1e91f4e5'),
(36449, 'TAHIRI', 'SOUKAINA', 'E', 'CD659280', 'soukaina.tahiri@usmba.ac.ma', '308ac86d9c1010e65ea0ee5f7c3eaa8da1026f3c0bff2f5ec2a9857bd0f2d4f2'),
(36452, 'TAHRI JOUTI HASSANI', 'JIHANE', 'E', 'CD388959', 'jihane.tahrijoutihassani@usmba.ac.ma', 'cab11e1e9647c12b8236386e61deec9611945dda03ca7cedba4d298ba525d788'),
(36457, 'TALHA', 'EL MEHDI', 'E', 'CD905496', 'elmehdi.talha@usmba.ac.ma', '1138848dbe2844898f128a45ead948531b05272c6b6ada0c32e72fe717fea5bd'),
(36458, 'TALHAOUI', 'ANAS', 'E', 'CD752475', 'anas.talhaoui@usmba.ac.ma', 'b760466929aef9fdef5e959a15b85476e99b6da40360b09b9ab23b8d050a2959'),
(36501, 'WAFAE', 'MEHDAOUI', 'E', 'CD698582', 'mehdaoui.wafae@usmba.ac.ma', '2e01ee5015f03714961774ce21bc71d66531fc2f820f32b47b6f0f0ac12fa4e1'),
(36502, 'WARDI', 'YOUNES', 'E', 'U202522', 'younes.wardi@usmba.ac.ma', 'ef5e2acbb9bd73a6cac4b8c181c8fe895f2f75efacd3f64c1779c930f82ef679'),
(36505, 'YACINE', 'YASAMINE', 'E', 'CN42363', 'yasamine.yacine@usmba.ac.ma', '94f0234a195337456331a6cf77e3a9a71f3ed88391ca73cd576e004b481df924'),
(36570, 'BOUHLAL', 'NAZIH', 'E', 'CD722248', 'nazih.bouhlal@usmba.ac.ma', '3f9d3f4e090b08b7bb04ec34089c70fda14d7c34874ee3e41bf1eb199e2c0146'),
(36590, 'TRAORE', 'MAHAMADOU', 'E', 'AA0105894', 'mahamadou.traore@usmba.ac.ma', '0ff7a13ab73034805f22cabfe57dd0fb7563de9bb84c9e598b4c71bcf3767ffa'),
(36706, 'EL-HASSOUNI', 'YOUSSRA', 'E', 'ZT246098', 'youssra.el-hassouni@usmba.ac.ma', '8d939e91cb4a37f80a0bbcebbb3aa21860d6f25f59b9485e3fb4cf1d4020d36a'),
(36710, 'ATIF', 'ISMAIL', 'E', 'SH205936', 'ismail.atif@usmba.ac.ma', 'e1b950f77cddaab6c2cbb3f9b829716b9b4b05c85c929162c92595f3999acfa1'),
(36717, 'LEMZIOUKA', 'KHALID', 'E', 'ZT265585', 'khalid.lemziouka@usmba.ac.ma', '7556ff9e87f03bb72c06badb9f5619db60ee7d354cd33a4e41fcbb02d184ac8b'),
(36738, 'CHENTIR', 'OUMAIMA', 'E', 'Z604483', 'oumaima.chentir@usmba.ac.ma', '8de2b04b097573361a9818408bba266c3c719d0307f5658e75d104ba47493f61'),
(36748, 'EL HATHATE', 'OMAYMA', 'E', 'ZT284974', 'omayma.elhathate@usmba.ac.ma', 'fbf1fed23b2fecfc70ae5c69181b05e6602df3d6aa1e0121451436eb1d5d6394'),
(36753, 'EL MESTOUR', 'HAMZA', 'E', 'CD289429', 'hamza.elmestour@usmba.ac.ma', '1f034f5f38fac8ab1bafe67db38229448b7becd06aee8b63ca42cc873f14de42'),
(36761, 'FLILAH', 'OUSSAMA', 'E', 'CD704654', 'oussama.flilah@usmba.ac.ma', '840da648d90f7c39e6a22075ca3bdffa15440d268362ee9cae369e3be8b56761'),
(36768, 'LABIAD', 'ZAKARIAE', 'E', 'CD568066', 'zakariae.labiad@usmba.ac.ma', '8fd485c902e22a602e1b1711e927fbdd84eeeccad5c4faa7443685d12473e038'),
(36770, 'LIBOURKI', 'CHAYMAE', 'E', 'CD435724', 'chaymae.libourki@usmba.ac.ma', 'fc321d896c7adcab7acdc90a3118406d05d8ac3688a8adc89edb3be18164d482'),
(36787, 'SRITI', 'RAJAE', 'E', 'CD726227', 'rajae.sriti@usmba.ac.ma', '432a4811e89915a004130694c72e53553c8a2e2381de89d95decaf328970e666'),
(36802, 'BIYADI', 'HAFSA', 'E', 'CD697063', 'hafsa.biyadi@usmba.ac.ma', 'b130645fbaa276b3dbf22649385350cb4c17178249c522cea8b6ac9e8ba72b68'),
(36811, 'EL BATTIOUI', 'NASSIRA', 'E', 'Rc37747', 'nassira.elbattioui@usmba.ac.ma', '16ad6828360a42d9b1f01c5e91108792c8f71f823e51bd187adef7f03c0fd89e'),
(36825, 'JAOUHARI', 'ABDELILAH', 'E', 'CD673732', 'abdelilah.jaouhari@usmba.ac.ma', '2a9e5b457754ef91e17a8ad333eb3a5f106569345cc835e85c3b9f8aeb16d506'),
(36863, 'LONCHAMP', 'PIERRE  LOIC', 'E', 'O00258940', 'pierreloic.lonchamp@usmba.ac.ma', 'b016d7787dafd2bb511482eb57866c29010fd2db994ec10dac7a6eefcea9e465'),
(36871, 'AWELL  KOUBAYE', 'ABDOULNASSER', 'E', '11PC06887', 'abdoulnasser.awellkoubaye@usmba.ac.ma', 'e58e9f32701d451394e7cd83414808427ff662d627a4141a4ef93efc5f06fc54'),
(36899, 'KIAH  JR', 'JAMES  SAAH', 'E', 'PP0038432', 'jamessaah.kiahjr@usmba.ac.ma', 'b83474d0027ae6e56e264b2246b0f5480df2204a74615feb933d456963ccdeb5'),
(36904, 'KONE', 'SIDI', 'E', '18AX43768', 'sidi.kone@usmba.ac.ma', 'b3b245ac37b635a019488f928b304b4989fa5189f4f862394d99e7118c3e585e'),
(36909, 'TRAVERS', 'RUBEL  ROMEO', 'E', 'PP0040522', 'rubelromeo.travers@usmba.ac.ma', 'd312e28dc55c3c7cf86606e8665a97828a0cc3f24bff634a4161238ef5f35649'),
(36910, 'TRAORE', 'ADAMA  SEYDOU', 'E', 'AA0421723', 'adamaseydou.traore@usmba.ac.ma', '09d56244d0232719af8a13d5d07070c8b3f1c208ba302c7698a28b4fe1263e16'),
(36911, 'VITALI', 'MOUSSA', 'E', 'NBE518858', 'moussa.vitali@usmba.ac.ma', '48f12e8f945aed603322d0d182ff1fb32fcb5a2a1cf9bf2ac5e1e653327db30d'),
(36922, 'TALL', 'FATOUMATA', 'E', '19AA21725', 'fatoumata.tall@usmba.ac.ma', '47dd8a8ca660a8a62f3d6ffb939b82664a96d1cf5284aa556b6d7d5c7665143b'),
(36925, 'KONATEH', 'ALASAN', 'E', 'PC052078', 'alasan.konateh@usmba.ac.ma', '47c43f9105297c60c91744bec1aef1cfa16de67e834e5c65b234634207416fd3'),
(36929, 'ARY  MAMADOU', 'HAOUA', 'E', '11PC13573', 'haoua.arymamadou@usmba.ac.ma', '070b88a2a7d89a1b50c2c9b5319bc081697340fa2817e848e3508e211e933ee3'),
(36940, 'WEMAKOY', 'DESIRE', 'E', 'OP0521692', 'desire.wemakoy@usmba.ac.ma', '24df5ff589003f52e63520374f65aadfa54a1c1d91760165a9dbac6775143ab7');

--
-- Index pour les tables déchargées
--

--
-- Index pour la table `etudiants`
--
ALTER TABLE `etudiants`
  ADD PRIMARY KEY (`code_etudiant`),
  ADD UNIQUE KEY `email` (`email`),
  ADD UNIQUE KEY `cne` (`cne`),
  ADD UNIQUE KEY `cin` (`cin`),
  ADD KEY `id_filiere_fk` (`id_filiere`);

--
-- Index pour la table `etudiant_module`
--
ALTER TABLE `etudiant_module`
  ADD PRIMARY KEY (`code_etudiant`,`id_module`),
  ADD KEY `id_moduleFK` (`id_module`);

--
-- Index pour la table `filieres`
--
ALTER TABLE `filieres`
  ADD PRIMARY KEY (`id_filiere`),
  ADD UNIQUE KEY `nom_filiere` (`nom_filiere`);

--
-- Index pour la table `modules`
--
ALTER TABLE `modules`
  ADD PRIMARY KEY (`id_module`),
  ADD UNIQUE KEY `nom_module` (`nom_module`);

--
-- Index pour la table `professeurs`
--
ALTER TABLE `professeurs`
  ADD PRIMARY KEY (`code_prof`),
  ADD UNIQUE KEY `cin` (`cin`),
  ADD UNIQUE KEY `email` (`email`);

--
-- Index pour la table `test`
--
ALTER TABLE `test`
  ADD PRIMARY KEY (`code`);

--
-- Index pour la table `utilisateurs`
--
ALTER TABLE `utilisateurs`
  ADD PRIMARY KEY (`code`),
  ADD UNIQUE KEY `cin` (`cin`),
  ADD UNIQUE KEY `email` (`email`);

--
-- Contraintes pour les tables déchargées
--

--
-- Contraintes pour la table `etudiants`
--
ALTER TABLE `etudiants`
  ADD CONSTRAINT `id_filiere_fk` FOREIGN KEY (`id_filiere`) REFERENCES `filieres` (`id_filiere`) ON UPDATE CASCADE;

--
-- Contraintes pour la table `etudiant_module`
--
ALTER TABLE `etudiant_module`
  ADD CONSTRAINT `code_etudiantFK` FOREIGN KEY (`code_etudiant`) REFERENCES `etudiants` (`code_etudiant`) ON UPDATE CASCADE,
  ADD CONSTRAINT `id_moduleFK` FOREIGN KEY (`id_module`) REFERENCES `modules` (`id_module`) ON DELETE CASCADE;

--
-- Contraintes pour la table `modules`
--
ALTER TABLE `modules`
  ADD CONSTRAINT `id_f_fk` FOREIGN KEY (`id_filiere`) REFERENCES `filieres` (`id_f`) ON UPDATE CASCADE;
COMMIT;

/*!40101 SET CHARACTER_SET_CLIENT=@OLD_CHARACTER_SET_CLIENT */;
/*!40101 SET CHARACTER_SET_RESULTS=@OLD_CHARACTER_SET_RESULTS */;
/*!40101 SET COLLATION_CONNECTION=@OLD_COLLATION_CONNECTION */;
